Source,source_slug,Opération,Méthode,Endpoint,Paramètre,Emplacement,Type,Obligatoire,Contrôle recommandé,Classe d’accès,Description officielle / synthèse,readonly,supported,sensitive,origin,documentation_url,default,enum,minimum,maximum,pattern
DHS Program Indicator Data,dhs,Configuration globale HDP,CONFIG,https://api.dhsprogram.com/rest/dhs/indicators,accept_language,configuration globale,string,False,liste de sélection,modifiable,,False,True,False,source_registry:global,https://api.dhsprogram.com/,en,"['en', 'fr', 'es', 'ar', 'zh']",,,
DHS Program Indicator Data,dhs,Configuration globale HDP,CONFIG,https://api.dhsprogram.com/rest/dhs/indicators,api_resource,configuration globale,string,False,information en lecture seule,information,,True,False,False,source_registry:global,https://api.dhsprogram.com/,indicators,['indicators'],,,
DHS Program Indicator Data,dhs,Configuration globale HDP,CONFIG,https://api.dhsprogram.com/rest/dhs/indicators,backoff_seconds,configuration globale,integer,False,champ numérique,modifiable,,False,True,False,source_registry:global,https://api.dhsprogram.com/,2,,1,60,
DHS Program Indicator Data,dhs,Configuration globale HDP,CONFIG,https://api.dhsprogram.com/rest/dhs/indicators,connect_timeout_seconds,configuration globale,integer,False,champ numérique,modifiable,Délai maximal consacré à l’établissement de la connexion HTTPS.,False,True,False,source_registry:global,https://api.dhsprogram.com/,20,,3,60,
DHS Program Indicator Data,dhs,Configuration globale HDP,CONFIG,https://api.dhsprogram.com/rest/dhs/indicators,data_scope,configuration globale,string,False,information en lecture seule,information,Le connecteur n’accède jamais aux microdonnées individuelles.,True,False,False,source_registry:global,https://api.dhsprogram.com/,aggregate_indicators,['aggregate_indicators'],,,
DHS Program Indicator Data,dhs,Configuration globale HDP,CONFIG,https://api.dhsprogram.com/rest/dhs/indicators,enabled,configuration globale,boolean,False,case à cocher,modifiable,,False,True,False,source_registry:global,https://api.dhsprogram.com/,True,,,,
DHS Program Indicator Data,dhs,Configuration globale HDP,CONFIG,https://api.dhsprogram.com/rest/dhs/indicators,max_response_bytes,configuration globale,integer,False,champ numérique,modifiable,"La réponse JSON est refusée au-delà de cette limite, avant décodage.",False,True,False,source_registry:global,https://api.dhsprogram.com/,25000000,,100000,200000000,
DHS Program Indicator Data,dhs,Configuration globale HDP,CONFIG,https://api.dhsprogram.com/rest/dhs/indicators,retry_count,configuration globale,integer,False,champ numérique,modifiable,,False,True,False,source_registry:global,https://api.dhsprogram.com/,2,,0,5,
DHS Program Indicator Data,dhs,Configuration globale HDP,CONFIG,https://api.dhsprogram.com/rest/dhs/indicators,timeout_seconds,configuration globale,integer,False,champ numérique,modifiable,,False,True,False,source_registry:global,https://api.dhsprogram.com/,40,,5,180,
DHS Program Indicator Data,dhs,Configuration globale HDP,CONFIG,https://api.dhsprogram.com/rest/dhs/indicators,user_agent,configuration globale,string,False,champ texte / mots-clés,modifiable,Identifie clairement le client HDP auprès du fournisseur de données.,False,True,False,source_registry:global,https://api.dhsprogram.com/,HDP/6.0.0,,,,
DHS Program Indicator Data,dhs,Recherche / paramètres projet HDP,GET,https://api.dhsprogram.com/rest/dhs/indicators,auto_download,interface projet,boolean,True,case à cocher,modifiable,,False,True,False,source_registry:project,https://api.dhsprogram.com/,False,,,,
DHS Program Indicator Data,dhs,Recherche / paramètres projet HDP,GET,https://api.dhsprogram.com/rest/dhs/indicators,breakdown,interface projet,string,False,champ texte / mots-clés,modifiable,,False,True,False,source_registry:project,https://api.dhsprogram.com/,,,,,
DHS Program Indicator Data,dhs,Recherche / paramètres projet HDP,GET,https://api.dhsprogram.com/rest/dhs/indicators,catalog_page_size,interface projet,integer,False,champ numérique,modifiable,,False,True,False,source_registry:project,https://api.dhsprogram.com/,5000,,100,10000,
DHS Program Indicator Data,dhs,Recherche / paramètres projet HDP,GET,https://api.dhsprogram.com/rest/dhs/indicators,country_ids,interface projet,array,False,liste / sélection multiple,modifiable,,False,True,False,source_registry:project,https://api.dhsprogram.com/,[],,,,
DHS Program Indicator Data,dhs,Recherche / paramètres projet HDP,GET,https://api.dhsprogram.com/rest/dhs/indicators,date_from,interface projet,string,False,champ texte / mots-clés,modifiable,Critère commun ISO 8601. Filtré après normalisation si l’API ne l’expose pas nativement.,False,True,False,source_registry:project,https://api.dhsprogram.com/,,,,,^$|^\d{4}-\d{2}-\d{2}$
DHS Program Indicator Data,dhs,Recherche / paramètres projet HDP,GET,https://api.dhsprogram.com/rest/dhs/indicators,date_to,interface projet,string,False,champ texte / mots-clés,modifiable,Critère commun ISO 8601 inclusif.,False,True,False,source_registry:project,https://api.dhsprogram.com/,,,,,^$|^\d{4}-\d{2}-\d{2}$
DHS Program Indicator Data,dhs,Recherche / paramètres projet HDP,GET,https://api.dhsprogram.com/rest/dhs/indicators,indicator_ids,interface projet,array,False,liste / sélection multiple,modifiable,,False,True,False,source_registry:project,https://api.dhsprogram.com/,[],,,,
DHS Program Indicator Data,dhs,Recherche / paramètres projet HDP,GET,https://api.dhsprogram.com/rest/dhs/indicators,location,interface projet,string,False,champ texte / mots-clés,modifiable,"Pays, territoire, zone ou lieu recherché dans les métadonnées normalisées.",False,True,False,source_registry:project,https://api.dhsprogram.com/,,,,,
DHS Program Indicator Data,dhs,Recherche / paramètres projet HDP,GET,https://api.dhsprogram.com/rest/dhs/indicators,page,interface projet,integer,False,champ numérique,modifiable,,False,True,False,source_registry:project,https://api.dhsprogram.com/,1,,1,10000,
DHS Program Indicator Data,dhs,Recherche / paramètres projet HDP,GET,https://api.dhsprogram.com/rest/dhs/indicators,query,interface projet,string,True,champ texte / mots-clés,modifiable,Mots-clés transmis ou utilisés pour filtrer le catalogue (2 caractères minimum lors de l’exécution).,False,True,False,source_registry:project,https://api.dhsprogram.com/,,,,,
DHS Program Indicator Data,dhs,Recherche / paramètres projet HDP,GET,https://api.dhsprogram.com/rest/dhs/indicators,result_limit,interface projet,integer,True,champ numérique,modifiable,,False,True,False,source_registry:project,https://api.dhsprogram.com/,25,,1,100,
DHS Program Indicator Data,dhs,Recherche / paramètres projet HDP,GET,https://api.dhsprogram.com/rest/dhs/indicators,survey_years,interface projet,array,False,liste / sélection multiple,modifiable,,False,True,False,source_registry:project,https://api.dhsprogram.com/,[],,,,
DHS Program Indicator Data,dhs,data,GET,/rest/dhs/data,breakdown,query,string,False,champ texte / mots-clés,modifiable,Requested breakdown.,False,True,False,provider documentation / curated V6 baseline,https://api.dhsprogram.com/,,,,,
DHS Program Indicator Data,dhs,data,GET,/rest/dhs/data,countryIds,query,array/string,False,champ texte / mots-clés,modifiable,Country identifiers.,False,True,False,provider documentation / curated V6 baseline,https://api.dhsprogram.com/,,,,,
DHS Program Indicator Data,dhs,data,GET,/rest/dhs/data,indicatorIds,query,array/string,False,champ texte / mots-clés,modifiable,Indicator identifiers.,False,True,False,provider documentation / curated V6 baseline,https://api.dhsprogram.com/,,,,,
DHS Program Indicator Data,dhs,data,GET,/rest/dhs/data,surveyIds,query,array/string,False,information en lecture seule,information,Survey identifiers.,True,False,False,provider documentation / curated V6 baseline,https://api.dhsprogram.com/,,,,,
DHS Program Indicator Data,dhs,data,GET,/rest/dhs/data,surveyType,query,array/string,False,information en lecture seule,information,Survey type filter.,True,False,False,provider documentation / curated V6 baseline,https://api.dhsprogram.com/,,,,,
DHS Program Indicator Data,dhs,data,GET,/rest/dhs/data,surveyYears,query,array/integer,False,champ texte / mots-clés,modifiable,Survey years.,False,True,False,provider documentation / curated V6 baseline,https://api.dhsprogram.com/,,,,,
DHS Program Indicator Data,dhs,indicators,GET,/rest/dhs/indicators,f,query,string,False,champ texte / mots-clés,modifiable,Response format.,False,True,False,provider documentation / curated V6 baseline,https://api.dhsprogram.com/,,,,,
DHS Program Indicator Data,dhs,indicators,GET,/rest/dhs/indicators,page,query,integer,False,champ numérique,modifiable,Page number.,False,True,False,provider documentation / curated V6 baseline,https://api.dhsprogram.com/,,,,,
DHS Program Indicator Data,dhs,indicators,GET,/rest/dhs/indicators,perpage,query,integer,False,champ numérique,modifiable,Rows per page.,False,True,False,provider documentation / curated V6 baseline,https://api.dhsprogram.com/,,,,,
GDACS,gdacs,Configuration globale HDP,CONFIG,https://www.gdacs.org/gdacsapi/api/events/geteventlist/SEARCH,accept_language,configuration globale,string,False,liste de sélection,modifiable,,False,True,False,source_registry:global,https://www.gdacs.org/gdacsapi/swagger/index.html,en,"['en', 'fr', 'es', 'ar', 'zh']",,,
GDACS,gdacs,Configuration globale HDP,CONFIG,https://www.gdacs.org/gdacsapi/api/events/geteventlist/SEARCH,alerting_policy,configuration globale,string,False,information en lecture seule,information,HDP ne remplace jamais les canaux officiels d’alerte vitale.,True,False,False,source_registry:global,https://www.gdacs.org/gdacsapi/swagger/index.html,analysis_only,['analysis_only'],,,
GDACS,gdacs,Configuration globale HDP,CONFIG,https://www.gdacs.org/gdacsapi/api/events/geteventlist/SEARCH,backoff_seconds,configuration globale,integer,False,champ numérique,modifiable,,False,True,False,source_registry:global,https://www.gdacs.org/gdacsapi/swagger/index.html,2,,1,60,
GDACS,gdacs,Configuration globale HDP,CONFIG,https://www.gdacs.org/gdacsapi/api/events/geteventlist/SEARCH,connect_timeout_seconds,configuration globale,integer,False,champ numérique,modifiable,Délai maximal consacré à l’établissement de la connexion HTTPS.,False,True,False,source_registry:global,https://www.gdacs.org/gdacsapi/swagger/index.html,20,,3,60,
GDACS,gdacs,Configuration globale HDP,CONFIG,https://www.gdacs.org/gdacsapi/api/events/geteventlist/SEARCH,enabled,configuration globale,boolean,False,case à cocher,modifiable,,False,True,False,source_registry:global,https://www.gdacs.org/gdacsapi/swagger/index.html,True,,,,
GDACS,gdacs,Configuration globale HDP,CONFIG,https://www.gdacs.org/gdacsapi/api/events/geteventlist/SEARCH,max_response_bytes,configuration globale,integer,False,champ numérique,modifiable,"La réponse JSON est refusée au-delà de cette limite, avant décodage.",False,True,False,source_registry:global,https://www.gdacs.org/gdacsapi/swagger/index.html,25000000,,100000,200000000,
GDACS,gdacs,Configuration globale HDP,CONFIG,https://www.gdacs.org/gdacsapi/api/events/geteventlist/SEARCH,response_profile,configuration globale,string,False,information en lecture seule,information,,True,False,False,source_registry:global,https://www.gdacs.org/gdacsapi/swagger/index.html,GeoJSON,['GeoJSON'],,,
GDACS,gdacs,Configuration globale HDP,CONFIG,https://www.gdacs.org/gdacsapi/api/events/geteventlist/SEARCH,retry_count,configuration globale,integer,False,champ numérique,modifiable,,False,True,False,source_registry:global,https://www.gdacs.org/gdacsapi/swagger/index.html,2,,0,5,
GDACS,gdacs,Configuration globale HDP,CONFIG,https://www.gdacs.org/gdacsapi/api/events/geteventlist/SEARCH,timeout_seconds,configuration globale,integer,False,champ numérique,modifiable,,False,True,False,source_registry:global,https://www.gdacs.org/gdacsapi/swagger/index.html,40,,5,180,
GDACS,gdacs,Configuration globale HDP,CONFIG,https://www.gdacs.org/gdacsapi/api/events/geteventlist/SEARCH,user_agent,configuration globale,string,False,champ texte / mots-clés,modifiable,Identifie clairement le client HDP auprès du fournisseur de données.,False,True,False,source_registry:global,https://www.gdacs.org/gdacsapi/swagger/index.html,HDP/6.0.0,,,,
GDACS,gdacs,Download the document specified by oid,GET,/api/admin/Documents/download,oid,query,integer,False,information en lecture seule,information,the internal document oid to download,True,False,False,provider OpenAPI/Swagger,https://www.gdacs.org/gdacsapi/swagger/v1/swagger.json,,,,,
GDACS,gdacs,Download the document specified by oid,GET,/api/admin/Documents/download,type,query,string,False,information en lecture seule,information,the type of document to download: image (Optional: first page document preview  ) or document (Default),True,False,False,provider OpenAPI/Swagger,https://www.gdacs.org/gdacsapi/swagger/v1/swagger.json,,,,,
GDACS,gdacs,Get Documents by GDACS Eventkey,GET,/api/admin/Documents/getdocumentsbyevent,eventid,query,integer,False,information en lecture seule,information,the eventid event keyword,True,False,False,provider OpenAPI/Swagger,https://www.gdacs.org/gdacsapi/swagger/v1/swagger.json,,,,,
GDACS,gdacs,Get Documents by GDACS Eventkey,GET,/api/admin/Documents/getdocumentsbyevent,eventtype,query,string,False,information en lecture seule,information,the eventtype event keyword,True,False,False,provider OpenAPI/Swagger,https://www.gdacs.org/gdacsapi/swagger/v1/swagger.json,,,,,
GDACS,gdacs,Get Documents by text,GET,/api/admin/Documents/getdocumentsbytext,pageNumber,query,integer,False,information en lecture seule,information,Optional:  the page of recordset,True,False,False,provider OpenAPI/Swagger,https://www.gdacs.org/gdacsapi/swagger/v1/swagger.json,,,,,
GDACS,gdacs,Get Documents by text,GET,/api/admin/Documents/getdocumentsbytext,pageSize,query,integer,False,information en lecture seule,information,Optional: the number of record in the page (max 100),True,False,False,provider OpenAPI/Swagger,https://www.gdacs.org/gdacsapi/swagger/v1/swagger.json,,,,,
GDACS,gdacs,Get Documents by text,GET,/api/admin/Documents/getdocumentsbytext,textvalue,query,string,False,information en lecture seule,information,"The text to search to identifiy document (in title,descritpion,Contributors,Authors and Publisher table fields)",True,False,False,provider OpenAPI/Swagger,https://www.gdacs.org/gdacsapi/swagger/v1/swagger.json,,,,,
GDACS,gdacs,Get Emdat all collection data,GET,/api/Emdat/getemdatlist,PageNumber,query,integer,False,information en lecture seule,information,The number of page to show,True,False,False,provider OpenAPI/Swagger,https://www.gdacs.org/gdacsapi/swagger/v1/swagger.json,,,,,
GDACS,gdacs,Get Emdat all collection data,GET,/api/Emdat/getemdatlist,PageSize,query,integer,False,information en lecture seule,information,The max element in page (the limit is 100),True,False,False,provider OpenAPI/Swagger,https://www.gdacs.org/gdacsapi/swagger/v1/swagger.json,,,,,
GDACS,gdacs,Get Emdat collection data by event key,GET,/api/Emdat/getemdatbyeventkey,eventid,query,integer,False,information en lecture seule,information,the eventid,True,False,False,provider OpenAPI/Swagger,https://www.gdacs.org/gdacsapi/swagger/v1/swagger.json,,,,,
GDACS,gdacs,Get Emdat collection data by event key,GET,/api/Emdat/getemdatbyeventkey,eventtype,query,string,False,information en lecture seule,information,the eventtype,True,False,False,provider OpenAPI/Swagger,https://www.gdacs.org/gdacsapi/swagger/v1/swagger.json,,,,,
GDACS,gdacs,Get Emdat data by Iso3,GET,/api/Emdat/getemdatbyiso3,iso3,query,string,False,information en lecture seule,information,the iso3 code,True,False,False,provider OpenAPI/Swagger,https://www.gdacs.org/gdacsapi/swagger/v1/swagger.json,,,,,
GDACS,gdacs,Get Emdat data by Iso3 list,GET,/api/Emdat/getemdatbyiso3list,iso3list,query,string,False,information en lecture seule,information,the list of iso3 code separated by ;,True,False,False,provider OpenAPI/Swagger,https://www.gdacs.org/gdacsapi/swagger/v1/swagger.json,,,,,
GDACS,gdacs,Get Emdat data by disanter number,GET,/api/Emdat/getemdatbydisno,disno,query,string,False,information en lecture seule,information,the disaster number,True,False,False,provider OpenAPI/Swagger,https://www.gdacs.org/gdacsapi/swagger/v1/swagger.json,,,,,
GDACS,gdacs,"Get Emmnews collection data by key eventtype,eventid specifying the limit object to return",GET,/api/Emm/getemmnewsbykey,eventid,query,integer,False,information en lecture seule,information,the eventid,True,False,False,provider OpenAPI/Swagger,https://www.gdacs.org/gdacsapi/swagger/v1/swagger.json,,,,,
GDACS,gdacs,"Get Emmnews collection data by key eventtype,eventid specifying the limit object to return",GET,/api/Emm/getemmnewsbykey,eventtype,query,string,False,information en lecture seule,information,the eventtype,True,False,False,provider OpenAPI/Swagger,https://www.gdacs.org/gdacsapi/swagger/v1/swagger.json,,,,,
GDACS,gdacs,"Get Emmnews collection data by key eventtype,eventid specifying the limit object to return",GET,/api/Emm/getemmnewsbykey,limit,query,integer,False,information en lecture seule,information,the limit of object to return,True,False,False,provider OpenAPI/Swagger,https://www.gdacs.org/gdacsapi/swagger/v1/swagger.json,,,,,
GDACS,gdacs,Get Event data specified by eventtype and eventid,GET,/api/Events/geteventdata,eventid,query,integer,False,information en lecture seule,information,the eventid,True,False,False,provider OpenAPI/Swagger,https://www.gdacs.org/gdacsapi/swagger/v1/swagger.json,,,,,
GDACS,gdacs,Get Event data specified by eventtype and eventid,GET,/api/Events/geteventdata,eventtype,query,string,False,information en lecture seule,information,the eventtype,True,False,False,provider OpenAPI/Swagger,https://www.gdacs.org/gdacsapi/swagger/v1/swagger.json,,,,,
GDACS,gdacs,Get Event data specified by eventtype and eventid,GET,/api/Events/geteventdata,source,query,string,False,information en lecture seule,information,the source to filter episode (cyclone),True,False,False,provider OpenAPI/Swagger,https://www.gdacs.org/gdacsapi/swagger/v1/swagger.json,,,,,
GDACS,gdacs,Get GTS data by key,GET,/api/Gts/getdatabykey,eventid,query,integer,False,information en lecture seule,information,the eventid,True,False,False,provider OpenAPI/Swagger,https://www.gdacs.org/gdacsapi/swagger/v1/swagger.json,,,,,
GDACS,gdacs,Get GTS data by key,GET,/api/Gts/getdatabykey,eventtype,query,string,False,information en lecture seule,information,the eventtype,True,False,False,provider OpenAPI/Swagger,https://www.gdacs.org/gdacsapi/swagger/v1/swagger.json,,,,,
GDACS,gdacs,Get GTS data by period,GET,/api/Gts/getdatabyperiod,fromdate,query,string,False,information en lecture seule,information,date from for search,True,False,False,provider OpenAPI/Swagger,https://www.gdacs.org/gdacsapi/swagger/v1/swagger.json,,,,,
GDACS,gdacs,Get GTS data by period,GET,/api/Gts/getdatabyperiod,todate,query,string,False,information en lecture seule,information,date to for search,True,False,False,provider OpenAPI/Swagger,https://www.gdacs.org/gdacsapi/swagger/v1/swagger.json,,,,,
GDACS,gdacs,Get Gadm at level 0 by Iso3,GET,/api/Administrative/gadm0byiso3,Iso3,query,string,False,information en lecture seule,information,The Iso3 Code,True,False,False,provider OpenAPI/Swagger,https://www.gdacs.org/gdacsapi/swagger/v1/swagger.json,,,,,
GDACS,gdacs,Get Gadm at level 1 by Iso3,GET,/api/Administrative/gadm1byiso3,Iso3,query,string,False,information en lecture seule,information,The Iso3 Code,True,False,False,provider OpenAPI/Swagger,https://www.gdacs.org/gdacsapi/swagger/v1/swagger.json,,,,,
GDACS,gdacs,Get Gadm at level 2 by GID.1 code of gadm level 1,GET,/api/Administrative/gadm2bygid1,Gid1,query,string,False,information en lecture seule,information,The Gid1 Code,True,False,False,provider OpenAPI/Swagger,https://www.gdacs.org/gdacsapi/swagger/v1/swagger.json,,,,,
GDACS,gdacs,Get Gadm at level 2 by Iso3,GET,/api/Administrative/gadm2byiso3,Iso3,query,string,False,information en lecture seule,information,The Iso3 Code,True,False,False,provider OpenAPI/Swagger,https://www.gdacs.org/gdacsapi/swagger/v1/swagger.json,,,,,
GDACS,gdacs,Get Gadm at level 3 by GID.1 code of gadm level 1,GET,/api/Administrative/gadm3bygid1,Gid1,query,string,False,information en lecture seule,information,The Gid1 Code,True,False,False,provider OpenAPI/Swagger,https://www.gdacs.org/gdacsapi/swagger/v1/swagger.json,,,,,
GDACS,gdacs,Get Gadm at level 3 by GID.2 code of gadm level 2,GET,/api/Administrative/gadm3bygid2,Gid2,query,string,False,information en lecture seule,information,The Gid2 Code,True,False,False,provider OpenAPI/Swagger,https://www.gdacs.org/gdacsapi/swagger/v1/swagger.json,,,,,
GDACS,gdacs,Get Gadm at level 3 by Iso3,GET,/api/Administrative/gadm3byiso3,Iso3,query,string,False,information en lecture seule,information,The Iso3 Code,True,False,False,provider OpenAPI/Swagger,https://www.gdacs.org/gdacsapi/swagger/v1/swagger.json,,,,,
GDACS,gdacs,Get Gadm at level 4 by GID.1 code of gadm level 1,GET,/api/Administrative/gadm4bygid1,Gid1,query,string,False,information en lecture seule,information,The Gid1 Code,True,False,False,provider OpenAPI/Swagger,https://www.gdacs.org/gdacsapi/swagger/v1/swagger.json,,,,,
GDACS,gdacs,Get Gadm at level 4 by GID.2 code of gadm level 2,GET,/api/Administrative/gadm4bygid2,Gid2,query,string,False,information en lecture seule,information,The Gid2 Code,True,False,False,provider OpenAPI/Swagger,https://www.gdacs.org/gdacsapi/swagger/v1/swagger.json,,,,,
GDACS,gdacs,Get Gadm at level 4 by GID.3 code of gadm level 3,GET,/api/Administrative/gadm4bygid3,Gid3,query,string,False,information en lecture seule,information,The Gid3 Code,True,False,False,provider OpenAPI/Swagger,https://www.gdacs.org/gdacsapi/swagger/v1/swagger.json,,,,,
GDACS,gdacs,Get Gadm at level 4 by Iso3,GET,/api/Administrative/gadm4byiso3,Iso3,query,string,False,information en lecture seule,information,The Iso3 Code,True,False,False,provider OpenAPI/Swagger,https://www.gdacs.org/gdacsapi/swagger/v1/swagger.json,,,,,
GDACS,gdacs,Get Gadm at level 5 by GID.1 code of gadm level 1,GET,/api/Administrative/gadm5bygid1,Gid1,query,string,False,information en lecture seule,information,The Gid1 Code,True,False,False,provider OpenAPI/Swagger,https://www.gdacs.org/gdacsapi/swagger/v1/swagger.json,,,,,
GDACS,gdacs,Get Gadm at level 5 by GID.3 code of gadm level 2,GET,/api/Administrative/gadm5bygid2,Gid2,query,string,False,information en lecture seule,information,The Gid2 Code,True,False,False,provider OpenAPI/Swagger,https://www.gdacs.org/gdacsapi/swagger/v1/swagger.json,,,,,
GDACS,gdacs,Get Gadm at level 5 by GID.3 code of gadm level 3,GET,/api/Administrative/gadm5bygid3,Gid3,query,string,False,information en lecture seule,information,The Gid3 Code,True,False,False,provider OpenAPI/Swagger,https://www.gdacs.org/gdacsapi/swagger/v1/swagger.json,,,,,
GDACS,gdacs,Get Gadm at level 5 by GID.4 code of gadm level 4,GET,/api/Administrative/gadm5bygid4,Gid4,query,string,False,information en lecture seule,information,The Gid4 Code,True,False,False,provider OpenAPI/Swagger,https://www.gdacs.org/gdacsapi/swagger/v1/swagger.json,,,,,
GDACS,gdacs,Get Gadm at level 5 by Iso3,GET,/api/Administrative/gadm5byiso3,Iso3,query,string,False,information en lecture seule,information,The Iso3 Code,True,False,False,provider OpenAPI/Swagger,https://www.gdacs.org/gdacsapi/swagger/v1/swagger.json,,,,,
GDACS,gdacs,"Get Nuclear Power Plant by event keys eventtype, eventid and source",GET,/api/Events/getnpp,eventid,query,integer,False,information en lecture seule,information,the eventid,True,False,False,provider OpenAPI/Swagger,https://www.gdacs.org/gdacsapi/swagger/v1/swagger.json,,,,,
GDACS,gdacs,"Get Nuclear Power Plant by event keys eventtype, eventid and source",GET,/api/Events/getnpp,eventtype,query,string,False,information en lecture seule,information,the eventtype,True,False,False,provider OpenAPI/Swagger,https://www.gdacs.org/gdacsapi/swagger/v1/swagger.json,,,,,
GDACS,gdacs,"Get Nuclear Power Plant by event keys eventtype, eventid and source",GET,/api/Events/getnpp,source,query,string,False,information en lecture seule,information,the source to filter episode (cyclone),True,False,False,provider OpenAPI/Swagger,https://www.gdacs.org/gdacsapi/swagger/v1/swagger.json,,,,,
GDACS,gdacs,Get Seismic activity in a buffer having the radius specified around the volcano position in a period indicated,GET,/api/Volcano/getseismicdata,fromDate,query,string,False,information en lecture seule,information,the search start date to apply at the filter,True,False,False,provider OpenAPI/Swagger,https://www.gdacs.org/gdacsapi/swagger/v1/swagger.json,,,,,
GDACS,gdacs,Get Seismic activity in a buffer having the radius specified around the volcano position in a period indicated,GET,/api/Volcano/getseismicdata,radiusKm,query,number,False,information en lecture seule,information,the radius in km to apply at the buffers around the volcano position,True,False,False,provider OpenAPI/Swagger,https://www.gdacs.org/gdacsapi/swagger/v1/swagger.json,,,,,
GDACS,gdacs,Get Seismic activity in a buffer having the radius specified around the volcano position in a period indicated,GET,/api/Volcano/getseismicdata,toDate,query,string,False,information en lecture seule,information,the search to date to apply at the filter,True,False,False,provider OpenAPI/Swagger,https://www.gdacs.org/gdacsapi/swagger/v1/swagger.json,,,,,
GDACS,gdacs,Get Seismic activity in a buffer having the radius specified around the volcano position in a period indicated,GET,/api/Volcano/getseismicdata,volcanoid,query,integer,False,information en lecture seule,information,the volcano id to consider in the filter area,True,False,False,provider OpenAPI/Swagger,https://www.gdacs.org/gdacsapi/swagger/v1/swagger.json,,,,,
GDACS,gdacs,Get Seismic activity in a buffer having the radius specified around the volcano position in a period indicated,GET,/api/Volcano/getseismicdata_area,fromDate,query,string,False,information en lecture seule,information,the search start date to apply at the filter,True,False,False,provider OpenAPI/Swagger,https://www.gdacs.org/gdacsapi/swagger/v1/swagger.json,,,,,
GDACS,gdacs,Get Seismic activity in a buffer having the radius specified around the volcano position in a period indicated,GET,/api/Volcano/getseismicdata_area,toDate,query,string,False,information en lecture seule,information,the search to date to apply at the filter,True,False,False,provider OpenAPI/Swagger,https://www.gdacs.org/gdacsapi/swagger/v1/swagger.json,,,,,
GDACS,gdacs,"Get Statistic EMM data by key eventtype,eventid",GET,/api/Emm/getemmnewsstatisticbykey,eventid,query,integer,False,information en lecture seule,information,the eventid,True,False,False,provider OpenAPI/Swagger,https://www.gdacs.org/gdacsapi/swagger/v1/swagger.json,,,,,
GDACS,gdacs,"Get Statistic EMM data by key eventtype,eventid",GET,/api/Emm/getemmnewsstatisticbykey,eventtype,query,string,False,information en lecture seule,information,the eventtype,True,False,False,provider OpenAPI/Swagger,https://www.gdacs.org/gdacsapi/swagger/v1/swagger.json,,,,,
GDACS,gdacs,"Get Statistic EMM data by key eventtype,eventid",GET,/api/Emm/getemmnewsstatisticbykey,keywords,query,string,False,information en lecture seule,information,the keyword for statistic separated by ;,True,False,False,provider OpenAPI/Swagger,https://www.gdacs.org/gdacsapi/swagger/v1/swagger.json,,,,,
GDACS,gdacs,Get The News related to the event indicated by gdacs key,GET,/api/News/getnewsbygdacskey,eventid,query,integer,False,information en lecture seule,information,The eventid,True,False,False,provider OpenAPI/Swagger,https://www.gdacs.org/gdacsapi/swagger/v1/swagger.json,,,,,
GDACS,gdacs,Get The News related to the event indicated by gdacs key,GET,/api/News/getnewsbygdacskey,eventtype,query,string,False,information en lecture seule,information,The eventtype code,True,False,False,provider OpenAPI/Swagger,https://www.gdacs.org/gdacsapi/swagger/v1/swagger.json,,,,,
GDACS,gdacs,Get Volacano additional mirova data for te volcano specified volcano position in a period indicated,GET,/api/VolcanoAdditional/getmirovadata,fromDate,query,string,False,information en lecture seule,information,the search start date to apply at the filter,True,False,False,provider OpenAPI/Swagger,https://www.gdacs.org/gdacsapi/swagger/v1/swagger.json,,,,,
GDACS,gdacs,Get Volacano additional mirova data for te volcano specified volcano position in a period indicated,GET,/api/VolcanoAdditional/getmirovadata,toDate,query,string,False,information en lecture seule,information,the search to date to apply at the filter,True,False,False,provider OpenAPI/Swagger,https://www.gdacs.org/gdacsapi/swagger/v1/swagger.json,,,,,
GDACS,gdacs,Get Volacano additional mirova data for te volcano specified volcano position in a period indicated,GET,/api/VolcanoAdditional/getmirovadata,volcanoid,query,integer,False,information en lecture seule,information,the volcano id to consider in the filter area,True,False,False,provider OpenAPI/Swagger,https://www.gdacs.org/gdacsapi/swagger/v1/swagger.json,,,,,
GDACS,gdacs,Get Volacano additional mount data for te volcano specified volcano position in a period indicated,GET,/api/VolcanoAdditional/getmountdata,fromDate,query,string,False,information en lecture seule,information,the search start date to apply at the filter,True,False,False,provider OpenAPI/Swagger,https://www.gdacs.org/gdacsapi/swagger/v1/swagger.json,,,,,
GDACS,gdacs,Get Volacano additional mount data for te volcano specified volcano position in a period indicated,GET,/api/VolcanoAdditional/getmountdata,sourcecode,query,string,False,information en lecture seule,information,"the source code of data to extract (""SO2"",""DISP"" [deformation])",True,False,False,provider OpenAPI/Swagger,https://www.gdacs.org/gdacsapi/swagger/v1/swagger.json,,,,,
GDACS,gdacs,Get Volacano additional mount data for te volcano specified volcano position in a period indicated,GET,/api/VolcanoAdditional/getmountdata,toDate,query,string,False,information en lecture seule,information,the search to date to apply at the filter,True,False,False,provider OpenAPI/Swagger,https://www.gdacs.org/gdacsapi/swagger/v1/swagger.json,,,,,
GDACS,gdacs,Get Volacano additional mount data for te volcano specified volcano position in a period indicated,GET,/api/VolcanoAdditional/getmountdata,volcanoid,query,integer,False,information en lecture seule,information,the volcano id to consider in the filter area,True,False,False,provider OpenAPI/Swagger,https://www.gdacs.org/gdacsapi/swagger/v1/swagger.json,,,,,
GDACS,gdacs,Get Volcano position and related seismic activities in a specified radius in the period indicated,GET,/api/Volcano/getvolcanoinfo,fromDate,query,string,False,information en lecture seule,information,the search start date to apply at the filter,True,False,False,provider OpenAPI/Swagger,https://www.gdacs.org/gdacsapi/swagger/v1/swagger.json,,,,,
GDACS,gdacs,Get Volcano position and related seismic activities in a specified radius in the period indicated,GET,/api/Volcano/getvolcanoinfo,radiusKm,query,number,False,information en lecture seule,information,the radius in km to apply at the buffers around the volcano position,True,False,False,provider OpenAPI/Swagger,https://www.gdacs.org/gdacsapi/swagger/v1/swagger.json,,,,,
GDACS,gdacs,Get Volcano position and related seismic activities in a specified radius in the period indicated,GET,/api/Volcano/getvolcanoinfo,toDate,query,string,False,information en lecture seule,information,the search to date to apply at the filter,True,False,False,provider OpenAPI/Swagger,https://www.gdacs.org/gdacsapi/swagger/v1/swagger.json,,,,,
GDACS,gdacs,Get Volcano position and related seismic activities in a specified radius in the period indicated,GET,/api/Volcano/getvolcanoinfo,volcanoid,query,integer,False,information en lecture seule,information,the volcano id,True,False,False,provider OpenAPI/Swagger,https://www.gdacs.org/gdacsapi/swagger/v1/swagger.json,,,,,
GDACS,gdacs,Get Volcanoes position and basic info in a specified radius,GET,/api/Volcano/getvolcanoesinfoinperiod,active,query,boolean,False,information en lecture seule,information,"Set true obtain volcanos having vaa info from date specified, false to obtain inactive",True,False,False,provider OpenAPI/Swagger,https://www.gdacs.org/gdacsapi/swagger/v1/swagger.json,,,,,
GDACS,gdacs,Get Volcanoes position and basic info in a specified radius,GET,/api/Volcano/getvolcanoesinfoinperiod,fromDate,query,string,False,information en lecture seule,information,the search start date to apply at the filter,True,False,False,provider OpenAPI/Swagger,https://www.gdacs.org/gdacsapi/swagger/v1/swagger.json,,,,,
GDACS,gdacs,Get Volcanoes position and related seismic activities in a specified radius in the period indicated,GET,/api/Volcano/getvolcanoesinfo,fromDate,query,string,False,information en lecture seule,information,the search start date to apply at the filter,True,False,False,provider OpenAPI/Swagger,https://www.gdacs.org/gdacsapi/swagger/v1/swagger.json,,,,,
GDACS,gdacs,Get Volcanoes position and related seismic activities in a specified radius in the period indicated,GET,/api/Volcano/getvolcanoesinfo,radiusKm,query,number,False,information en lecture seule,information,the radius in km to apply at the buffers around the volcano position,True,False,False,provider OpenAPI/Swagger,https://www.gdacs.org/gdacsapi/swagger/v1/swagger.json,,,,,
GDACS,gdacs,Get Volcanoes position and related seismic activities in a specified radius in the period indicated,GET,/api/Volcano/getvolcanoesinfo,toDate,query,string,False,information en lecture seule,information,the search to date to apply at the filter,True,False,False,provider OpenAPI/Swagger,https://www.gdacs.org/gdacsapi/swagger/v1/swagger.json,,,,,
GDACS,gdacs,"Get a list of alertlevels calculated for episode specified by keywords eventtype,eventid,episodeid and source",GET,/api/Events/getepisodealertlevel,episodeid,query,integer,False,information en lecture seule,information,the episodeid,True,False,False,provider OpenAPI/Swagger,https://www.gdacs.org/gdacsapi/swagger/v1/swagger.json,,,,,
GDACS,gdacs,"Get a list of alertlevels calculated for episode specified by keywords eventtype,eventid,episodeid and source",GET,/api/Events/getepisodealertlevel,eventid,query,integer,False,information en lecture seule,information,the eventid,True,False,False,provider OpenAPI/Swagger,https://www.gdacs.org/gdacsapi/swagger/v1/swagger.json,,,,,
GDACS,gdacs,"Get a list of alertlevels calculated for episode specified by keywords eventtype,eventid,episodeid and source",GET,/api/Events/getepisodealertlevel,eventtype,query,string,False,information en lecture seule,information,the eventtype,True,False,False,provider OpenAPI/Swagger,https://www.gdacs.org/gdacsapi/swagger/v1/swagger.json,,,,,
GDACS,gdacs,"Get a list of alertlevels calculated for episode specified by keywords eventtype,eventid,episodeid and source",GET,/api/Events/getepisodealertlevel,source,query,string,False,information en lecture seule,information,[optional] the Source for those evenat can have multiple episodeid source for same episodeid,True,False,False,provider OpenAPI/Swagger,https://www.gdacs.org/gdacsapi/swagger/v1/swagger.json,,,,,
GDACS,gdacs,Get a list of alertlevels calculated for episodes specified by keywords eventtype and eventid.,GET,/api/Events/geteventalertlevel,eventid,query,integer,False,information en lecture seule,information,the eventid,True,False,False,provider OpenAPI/Swagger,https://www.gdacs.org/gdacsapi/swagger/v1/swagger.json,,,,,
GDACS,gdacs,Get a list of alertlevels calculated for episodes specified by keywords eventtype and eventid.,GET,/api/Events/geteventalertlevel,eventtype,query,string,False,information en lecture seule,information,the eventtype,True,False,False,provider OpenAPI/Swagger,https://www.gdacs.org/gdacsapi/swagger/v1/swagger.json,,,,,
GDACS,gdacs,Get a list of last 6 month events ordered by date descending and specifying the paging and the query filter based on eventid or alertlevel or eventtype,GET,/api/Events/geteventlist/allpaging,PageNumber,query,integer,False,information en lecture seule,information,The number of page to show,True,False,False,provider OpenAPI/Swagger,https://www.gdacs.org/gdacsapi/swagger/v1/swagger.json,,,,,
GDACS,gdacs,Get a list of last 6 month events ordered by date descending and specifying the paging and the query filter based on eventid or alertlevel or eventtype,GET,/api/Events/geteventlist/allpaging,PageSize,query,integer,False,information en lecture seule,information,The max element in page (the limit is 100),True,False,False,provider OpenAPI/Swagger,https://www.gdacs.org/gdacsapi/swagger/v1/swagger.json,,,,,
GDACS,gdacs,Get a list of last 6 month events ordered by date descending and specifying the paging and the query filter based on eventid or alertlevel or eventtype,GET,/api/Events/geteventlist/allpaging,Query,query,string,False,information en lecture seule,information,"The query to macth with starts of eventid,alertlevel or eventtype",True,False,False,provider OpenAPI/Swagger,https://www.gdacs.org/gdacsapi/swagger/v1/swagger.json,,,,,
GDACS,gdacs,Get a tag Html events to show in Gdacs_App,GET,/api/Events/geteventdataapp,eventid,query,integer,False,information en lecture seule,information,the eventid,True,False,False,provider OpenAPI/Swagger,https://www.gdacs.org/gdacsapi/swagger/v1/swagger.json,,,,,
GDACS,gdacs,Get a tag Html events to show in Gdacs_App,GET,/api/Events/geteventdataapp,eventtype,query,string,False,information en lecture seule,information,the eventtype,True,False,False,provider OpenAPI/Swagger,https://www.gdacs.org/gdacsapi/swagger/v1/swagger.json,,,,,
GDACS,gdacs,Get a tag Html events to show in Gdacs_App,GET,/api/Events/geteventdataapp,source,query,string,False,information en lecture seule,information,the the source to filter episode (cyclone),True,False,False,provider OpenAPI/Swagger,https://www.gdacs.org/gdacsapi/swagger/v1/swagger.json,,,,,
GDACS,gdacs,"Get affected locations by internal id related to Events that need impact analysis (Earthquake, Tropical Cyclones, Volcanoes, ForestFire)",GET,/api/Export/getaffectedlocations,id,query,integer,False,information en lecture seule,information,the internal id,True,False,False,provider OpenAPI/Swagger,https://www.gdacs.org/gdacsapi/swagger/v1/swagger.json,,,,,
GDACS,gdacs,Get events' list to show in the homepage's map by the eventtype specified in the parameter,GET,/api/Events/geteventlist/map,eventtype,query,string,False,information en lecture seule,information,The eventtype code,True,False,False,provider OpenAPI/Swagger,https://www.gdacs.org/gdacsapi/swagger/v1/swagger.json,,,,,
GDACS,gdacs,Get the  AdaptiveCard  by parameters,GET,/api/AdaptiveCard/getevent/card,eventid,query,integer,False,information en lecture seule,information,the eventid,True,False,False,provider OpenAPI/Swagger,https://www.gdacs.org/gdacsapi/swagger/v1/swagger.json,,,,,
GDACS,gdacs,Get the  AdaptiveCard  by parameters,GET,/api/AdaptiveCard/getevent/card,eventtype,query,string,False,information en lecture seule,information,the eventtype,True,False,False,provider OpenAPI/Swagger,https://www.gdacs.org/gdacsapi/swagger/v1/swagger.json,,,,,
GDACS,gdacs,Get the AOI information related to Eartquakes and Tropical Cyclones by internal id,GET,/api/Export/getaoi,id,query,integer,False,information en lecture seule,information,internal id,True,False,False,provider OpenAPI/Swagger,https://www.gdacs.org/gdacsapi/swagger/v1/swagger.json,,,,,
GDACS,gdacs,Get the Copernicus AOIs by key,GET,/api/CopernicusActivation/getcopernicusaoi,eventid,query,integer,False,information en lecture seule,information,the eventid,True,False,False,provider OpenAPI/Swagger,https://www.gdacs.org/gdacsapi/swagger/v1/swagger.json,,,,,
GDACS,gdacs,Get the Copernicus AOIs by key,GET,/api/CopernicusActivation/getcopernicusaoi,eventtype,query,string,False,information en lecture seule,information,the eventtype,True,False,False,provider OpenAPI/Swagger,https://www.gdacs.org/gdacsapi/swagger/v1/swagger.json,,,,,
GDACS,gdacs,Get the Copernicus Observed by key,GET,/api/CopernicusActivation/getcopernicusobserved,eventid,query,integer,False,information en lecture seule,information,the eventid,True,False,False,provider OpenAPI/Swagger,https://www.gdacs.org/gdacsapi/swagger/v1/swagger.json,,,,,
GDACS,gdacs,Get the Copernicus Observed by key,GET,/api/CopernicusActivation/getcopernicusobserved,eventtype,query,string,False,information en lecture seule,information,the eventtype,True,False,False,provider OpenAPI/Swagger,https://www.gdacs.org/gdacsapi/swagger/v1/swagger.json,,,,,
GDACS,gdacs,Get the Earthquake Shakemap details by internal id,GET,/api/Shakemap/getdetails,id,query,integer,False,information en lecture seule,information,the internal id,True,False,False,provider OpenAPI/Swagger,https://www.gdacs.org/gdacsapi/swagger/v1/swagger.json,,,,,
GDACS,gdacs,Get the Earthquake Shakemap geomtery by keys eventid and shakeid,GET,/api/Shakemap/getgeometry,eventid,query,integer,False,information en lecture seule,information,the eventid,True,False,False,provider OpenAPI/Swagger,https://www.gdacs.org/gdacsapi/swagger/v1/swagger.json,,,,,
GDACS,gdacs,Get the Earthquake Shakemap geomtery by keys eventid and shakeid,GET,/api/Shakemap/getgeometry,shakeid,query,integer,False,information en lecture seule,information,the shakeid,True,False,False,provider OpenAPI/Swagger,https://www.gdacs.org/gdacsapi/swagger/v1/swagger.json,,,,,
GDACS,gdacs,Get the Event data in a format adapted to social environment,GET,/api/Events/getstructure/forsocial,eventid,query,integer,False,information en lecture seule,information,the eventid,True,False,False,provider OpenAPI/Swagger,https://www.gdacs.org/gdacsapi/swagger/v1/swagger.json,,,,,
GDACS,gdacs,Get the Event data in a format adapted to social environment,GET,/api/Events/getstructure/forsocial,eventtype,query,string,False,information en lecture seule,information,the eventtype,True,False,False,provider OpenAPI/Swagger,https://www.gdacs.org/gdacsapi/swagger/v1/swagger.json,,,,,
GDACS,gdacs,Get the Flood GFM Observed by key,GET,/api/FloodGfm/getfloodgfmwmsbykeys/bydate,eventid,query,integer,False,information en lecture seule,information,the eventid,True,False,False,provider OpenAPI/Swagger,https://www.gdacs.org/gdacsapi/swagger/v1/swagger.json,,,,,
GDACS,gdacs,Get the Flood GFM Observed by key,GET,/api/FloodGfm/getfloodgfmwmsbykeys/bydate,eventtype,query,string,False,information en lecture seule,information,the eventtype,True,False,False,provider OpenAPI/Swagger,https://www.gdacs.org/gdacsapi/swagger/v1/swagger.json,,,,,
GDACS,gdacs,Get the Flood GFM Observed by key,GET,/api/FloodGfm/getfloodgfmwmsbykeys/bydate,referencedate,query,string,False,information en lecture seule,information,the date of flood observation,True,False,False,provider OpenAPI/Swagger,https://www.gdacs.org/gdacsapi/swagger/v1/swagger.json,,,,,
GDACS,gdacs,Get the Locations data Related to Earthquake with Tsunami or Tropical Cyclones with stormsurge (tsunami/stormsurge affected) by internal id,GET,/api/Export/getlocations,id,query,integer,False,information en lecture seule,information,the internal id,True,False,False,provider OpenAPI/Swagger,https://www.gdacs.org/gdacsapi/swagger/v1/swagger.json,,,,,
GDACS,gdacs,Get the Overall Flood GFM Observed by key,GET,/api/FloodGfm/getfloodgfmwmsbykeys/overall,eventid,query,integer,False,information en lecture seule,information,the eventid,True,False,False,provider OpenAPI/Swagger,https://www.gdacs.org/gdacsapi/swagger/v1/swagger.json,,,,,
GDACS,gdacs,Get the Overall Flood GFM Observed by key,GET,/api/FloodGfm/getfloodgfmwmsbykeys/overall,eventtype,query,string,False,information en lecture seule,information,the eventtype,True,False,False,provider OpenAPI/Swagger,https://www.gdacs.org/gdacsapi/swagger/v1/swagger.json,,,,,
GDACS,gdacs,Get the Shakemap geomtry by key,GET,/api/Vaac/getgeometry,volcanoid,query,string,False,information en lecture seule,information,the shakeid,True,False,False,provider OpenAPI/Swagger,https://www.gdacs.org/gdacsapi/swagger/v1/swagger.json,,,,,
GDACS,gdacs,Get the Shakemap geomtry by key,GET,/api/Vaac/getgeometrypop,volcanoid,query,integer,False,information en lecture seule,information,the shakeid,True,False,False,provider OpenAPI/Swagger,https://www.gdacs.org/gdacsapi/swagger/v1/swagger.json,,,,,
GDACS,gdacs,Get the Smithsonian Volcano news by volcanoid,GET,/api/VolcanoSmithNews/getsmithsonianbyvolcanoid,volcanoid,query,integer,False,information en lecture seule,information,the volcanoid,True,False,False,provider OpenAPI/Swagger,https://www.gdacs.org/gdacsapi/swagger/v1/swagger.json,,,,,
GDACS,gdacs,Get the Tropical Cyclone MODELS detail by internal id,GET,/api/Cyclonesurge/getdetails,id,query,integer,False,information en lecture seule,information,the internal id,True,False,False,provider OpenAPI/Swagger,https://www.gdacs.org/gdacsapi/swagger/v1/swagger.json,,,,,
GDACS,gdacs,Get the Tropical cyclone timeline by internal id,GET,/api/Export/gettimeline,id,query,integer,False,information en lecture seule,information,internal id,True,False,False,provider OpenAPI/Swagger,https://www.gdacs.org/gdacsapi/swagger/v1/swagger.json,,,,,
GDACS,gdacs,Get the Vaac Bulletin text by internal id,GET,/api/Vaac/getvaacbulletintext,idbulletin,query,integer,False,information en lecture seule,information,the volcanoid,True,False,False,provider OpenAPI/Swagger,https://www.gdacs.org/gdacsapi/swagger/v1/swagger.json,,,,,
GDACS,gdacs,Get the VaacDatafor volcanoid specified in the period indicated,GET,/api/Vaac/getvaacbulletin,fromdate,query,string,False,information en lecture seule,information,from date,True,False,False,provider OpenAPI/Swagger,https://www.gdacs.org/gdacsapi/swagger/v1/swagger.json,,,,,
GDACS,gdacs,Get the VaacDatafor volcanoid specified in the period indicated,GET,/api/Vaac/getvaacbulletin,pageNumber,query,integer,False,information en lecture seule,information,The number of page to show,True,False,False,provider OpenAPI/Swagger,https://www.gdacs.org/gdacsapi/swagger/v1/swagger.json,,,,,
GDACS,gdacs,Get the VaacDatafor volcanoid specified in the period indicated,GET,/api/Vaac/getvaacbulletin,pageSize,query,integer,False,information en lecture seule,information,The maximum record to show in the response,True,False,False,provider OpenAPI/Swagger,https://www.gdacs.org/gdacsapi/swagger/v1/swagger.json,,,,,
GDACS,gdacs,Get the VaacDatafor volcanoid specified in the period indicated,GET,/api/Vaac/getvaacbulletin,todate,query,string,False,information en lecture seule,information,to date,True,False,False,provider OpenAPI/Swagger,https://www.gdacs.org/gdacsapi/swagger/v1/swagger.json,,,,,
GDACS,gdacs,Get the VaacDatafor volcanoid specified in the period indicated,GET,/api/Vaac/getvaacbulletin,volcanoid,query,integer,False,information en lecture seule,information,the volcanoid,True,False,False,provider OpenAPI/Swagger,https://www.gdacs.org/gdacsapi/swagger/v1/swagger.json,,,,,
GDACS,gdacs,Get the VaacDatafor volcanoid specified in the period indicated,GET,/api/Vaac/getvaacdata,fromdate,query,string,False,information en lecture seule,information,from date,True,False,False,provider OpenAPI/Swagger,https://www.gdacs.org/gdacsapi/swagger/v1/swagger.json,,,,,
GDACS,gdacs,Get the VaacDatafor volcanoid specified in the period indicated,GET,/api/Vaac/getvaacdata,todate,query,string,False,information en lecture seule,information,to date,True,False,False,provider OpenAPI/Swagger,https://www.gdacs.org/gdacsapi/swagger/v1/swagger.json,,,,,
GDACS,gdacs,Get the VaacDatafor volcanoid specified in the period indicated,GET,/api/Vaac/getvaacdata,volcanoid,query,integer,False,information en lecture seule,information,the volcanoid,True,False,False,provider OpenAPI/Swagger,https://www.gdacs.org/gdacsapi/swagger/v1/swagger.json,,,,,
GDACS,gdacs,Get the all id referred to a specific event,GET,/api/Export/getids,key,query,string,False,information en lecture seule,information,The id keyword to identify the ids,True,False,False,provider OpenAPI/Swagger,https://www.gdacs.org/gdacsapi/swagger/v1/swagger.json,,,,,
GDACS,gdacs,Get the all id referred to a specific event,GET,/api/Export/getids,output,query,string,False,information en lecture seule,information,Optional:the single id to returns,True,False,False,provider OpenAPI/Swagger,https://www.gdacs.org/gdacsapi/swagger/v1/swagger.json,,,,,
GDACS,gdacs,Get the all id referred to a specific event,GET,/api/Export/getids,value,query,string,False,information en lecture seule,information,The keyword value to identify the ids,True,False,False,provider OpenAPI/Swagger,https://www.gdacs.org/gdacsapi/swagger/v1/swagger.json,,,,,
GDACS,gdacs,"Get the episode information by keywords eventtype, eventid, episodeid and source",GET,/api/Events/getepisodedata,episodeid,query,integer,False,information en lecture seule,information,the specific episodeid,True,False,False,provider OpenAPI/Swagger,https://www.gdacs.org/gdacsapi/swagger/v1/swagger.json,,,,,
GDACS,gdacs,"Get the episode information by keywords eventtype, eventid, episodeid and source",GET,/api/Events/getepisodedata,eventid,query,integer,False,information en lecture seule,information,the eventid,True,False,False,provider OpenAPI/Swagger,https://www.gdacs.org/gdacsapi/swagger/v1/swagger.json,,,,,
GDACS,gdacs,"Get the episode information by keywords eventtype, eventid, episodeid and source",GET,/api/Events/getepisodedata,eventtype,query,string,False,information en lecture seule,information,the eventtype,True,False,False,provider OpenAPI/Swagger,https://www.gdacs.org/gdacsapi/swagger/v1/swagger.json,,,,,
GDACS,gdacs,"Get the episode information by keywords eventtype, eventid, episodeid and source",GET,/api/Events/getepisodedata,source,query,string,False,information en lecture seule,information,the the source to filter episode (cyclone),True,False,False,provider OpenAPI/Swagger,https://www.gdacs.org/gdacsapi/swagger/v1/swagger.json,,,,,
GDACS,gdacs,Get the eventdata for AdaptiveCard,GET,/api/AdaptiveCard/getevent/data,eventid,query,integer,False,information en lecture seule,information,the eventid,True,False,False,provider OpenAPI/Swagger,https://www.gdacs.org/gdacsapi/swagger/v1/swagger.json,,,,,
GDACS,gdacs,Get the eventdata for AdaptiveCard,GET,/api/AdaptiveCard/getevent/data,eventtype,query,string,False,information en lecture seule,information,the eventtype,True,False,False,provider OpenAPI/Swagger,https://www.gdacs.org/gdacsapi/swagger/v1/swagger.json,,,,,
GDACS,gdacs,Get the events' list based on geometry match in the last days,GET,/api/Events/geteventlist/eventsbyarea,days,query,integer,False,information en lecture seule,information,"Optional: the number of days to research the events in archive (default 4, max 30)",True,False,False,provider OpenAPI/Swagger,https://www.gdacs.org/gdacsapi/swagger/v1/swagger.json,,,,,
GDACS,gdacs,Get the events' list based on geometry match in the last days,GET,/api/Events/geteventlist/eventsbyarea,geometryArea,query,string,False,information en lecture seule,information,The geometry text in WKT format,True,False,False,provider OpenAPI/Swagger,https://www.gdacs.org/gdacsapi/swagger/v1/swagger.json,,,,,
GDACS,gdacs,Get the events' list to show in archive page,GET,/api/Events/geteventlist/archive,eventlist,query,string,False,information en lecture seule,information,Optional: the list of eventtypes to extract separate by ;,True,False,False,provider OpenAPI/Swagger,https://www.gdacs.org/gdacsapi/swagger/v1/swagger.json,,,,,
GDACS,gdacs,Get the geometry AOI for cyclone,GET,/api/Polygons/getgeometry/aoi,episodeid,query,integer,False,information en lecture seule,information,the episodeid,True,False,False,provider OpenAPI/Swagger,https://www.gdacs.org/gdacsapi/swagger/v1/swagger.json,,,,,
GDACS,gdacs,Get the geometry AOI for cyclone,GET,/api/Polygons/getgeometry/aoi,eventid,query,integer,False,information en lecture seule,information,the eventid,True,False,False,provider OpenAPI/Swagger,https://www.gdacs.org/gdacsapi/swagger/v1/swagger.json,,,,,
GDACS,gdacs,Get the geometry AOI for cyclone,GET,/api/Polygons/getgeometry/aoi,eventtype,query,string,False,information en lecture seule,information,the eventtype,True,False,False,provider OpenAPI/Swagger,https://www.gdacs.org/gdacsapi/swagger/v1/swagger.json,,,,,
GDACS,gdacs,Get the geometry AOI for cyclone,GET,/api/Polygons/getgeometry/aoi,polygontype,query,string,False,information en lecture seule,information,the polygontype,True,False,False,provider OpenAPI/Swagger,https://www.gdacs.org/gdacsapi/swagger/v1/swagger.json,,,,,
GDACS,gdacs,Get the geometry AOI for cyclone,GET,/api/Polygons/getgeometry/aoi,source,query,string,False,information en lecture seule,information,Optional: the source,True,False,False,provider OpenAPI/Swagger,https://www.gdacs.org/gdacsapi/swagger/v1/swagger.json,,,,,
GDACS,gdacs,"Get the impact analysis by internal id related to Events that need impact analysis (Earthquake, Tropical Cyclones, Volcanoes, ForestFire)",GET,/api/Export/getimpact,id,query,integer,False,information en lecture seule,information,the internal id,True,False,False,provider OpenAPI/Swagger,https://www.gdacs.org/gdacsapi/swagger/v1/swagger.json,,,,,
GDACS,gdacs,Get the infoproduct dat by event key,GET,/Api/InfoProduct/getinfoproduct,eventid,query,integer,False,information en lecture seule,information,the eventid,True,False,False,provider OpenAPI/Swagger,https://www.gdacs.org/gdacsapi/swagger/v1/swagger.json,,,,,
GDACS,gdacs,Get the infoproduct dat by event key,GET,/Api/InfoProduct/getinfoproduct,eventtype,query,string,False,information en lecture seule,information,the eventtype,True,False,False,provider OpenAPI/Swagger,https://www.gdacs.org/gdacsapi/swagger/v1/swagger.json,,,,,
GDACS,gdacs,"Get the polygons geometry by keys eventtype, eventid, episodeid, polygontype",GET,/api/Polygons/getgeometry,episodeid,query,integer,False,information en lecture seule,information,the episodeid,True,False,False,provider OpenAPI/Swagger,https://www.gdacs.org/gdacsapi/swagger/v1/swagger.json,,,,,
GDACS,gdacs,"Get the polygons geometry by keys eventtype, eventid, episodeid, polygontype",GET,/api/Polygons/getgeometry,eventid,query,integer,False,information en lecture seule,information,the eventid,True,False,False,provider OpenAPI/Swagger,https://www.gdacs.org/gdacsapi/swagger/v1/swagger.json,,,,,
GDACS,gdacs,"Get the polygons geometry by keys eventtype, eventid, episodeid, polygontype",GET,/api/Polygons/getgeometry,eventtype,query,string,False,information en lecture seule,information,the eventtype,True,False,False,provider OpenAPI/Swagger,https://www.gdacs.org/gdacsapi/swagger/v1/swagger.json,,,,,
GDACS,gdacs,"Get the polygons geometry by keys eventtype, eventid, episodeid, polygontype",GET,/api/Polygons/getgeometry,polygontype,query,string,False,information en lecture seule,information,the polygontype,True,False,False,provider OpenAPI/Swagger,https://www.gdacs.org/gdacsapi/swagger/v1/swagger.json,,,,,
GDACS,gdacs,"Get the polygons geometry by keys eventtype, eventid, episodeid, polygontype",GET,/api/Polygons/getgeometry,showBaseGeometry,query,boolean,False,information en lecture seule,information,"Optional: Only for Earthquake and showPreliminary=false, flag true to show 100km circle",True,False,False,provider OpenAPI/Swagger,https://www.gdacs.org/gdacsapi/swagger/v1/swagger.json,,,,,
GDACS,gdacs,"Get the polygons geometry by keys eventtype, eventid, episodeid, polygontype",GET,/api/Polygons/getgeometry,showPreliminary,query,boolean,False,information en lecture seule,information,"Optional: Only for Earthquake, flag true to show circle and preliminary shakemap polygons always,otherwise, if there are, show last official shakemap polygons",True,False,False,provider OpenAPI/Swagger,https://www.gdacs.org/gdacsapi/swagger/v1/swagger.json,,,,,
GDACS,gdacs,"Get the polygons geometry by keys eventtype, eventid, episodeid, polygontype",GET,/api/Polygons/getgeometry,source,query,string,False,information en lecture seule,information,Optional: the source,True,False,False,provider OpenAPI/Swagger,https://www.gdacs.org/gdacsapi/swagger/v1/swagger.json,,,,,
GDACS,gdacs,Get the population affected analysis for Shakemap or Cyclones MODELS impact by internal id,GET,/api/Export/getpopdense,id,query,integer,False,information en lecture seule,information,the internal id,True,False,False,provider OpenAPI/Swagger,https://www.gdacs.org/gdacsapi/swagger/v1/swagger.json,,,,,
GDACS,gdacs,Get the single Smithsonian Volcano news by volcanoid and date,GET,/api/VolcanoSmithNews/getsmithsonianbykey,date,query,string,False,information en lecture seule,information,the date of smithsonian report to search,True,False,False,provider OpenAPI/Swagger,https://www.gdacs.org/gdacsapi/swagger/v1/swagger.json,,,,,
GDACS,gdacs,Get the single Smithsonian Volcano news by volcanoid and date,GET,/api/VolcanoSmithNews/getsmithsonianbykey,volcanoid,query,integer,False,information en lecture seule,information,the volcanoid,True,False,False,provider OpenAPI/Swagger,https://www.gdacs.org/gdacsapi/swagger/v1/swagger.json,,,,,
GDACS,gdacs,Recherche / paramètres projet HDP,GET,https://www.gdacs.org/gdacsapi/api/events/geteventlist/SEARCH,alert_levels,interface projet,array,False,liste / sélection multiple,modifiable,,False,True,False,source_registry:project,https://www.gdacs.org/gdacsapi/swagger/index.html,"['Green', 'Orange', 'Red']",,,,
GDACS,gdacs,Recherche / paramètres projet HDP,GET,https://www.gdacs.org/gdacsapi/api/events/geteventlist/SEARCH,auto_download,interface projet,boolean,True,case à cocher,modifiable,,False,True,False,source_registry:project,https://www.gdacs.org/gdacsapi/swagger/index.html,False,,,,
GDACS,gdacs,Recherche / paramètres projet HDP,GET,https://www.gdacs.org/gdacsapi/api/events/geteventlist/SEARCH,date_from,interface projet,string,False,champ texte / mots-clés,modifiable,Critère commun ISO 8601. Filtré après normalisation si l’API ne l’expose pas nativement.,False,True,False,source_registry:project,https://www.gdacs.org/gdacsapi/swagger/index.html,,,,,^$|^\d{4}-\d{2}-\d{2}$
GDACS,gdacs,Recherche / paramètres projet HDP,GET,https://www.gdacs.org/gdacsapi/api/events/geteventlist/SEARCH,date_to,interface projet,string,False,champ texte / mots-clés,modifiable,Critère commun ISO 8601 inclusif.,False,True,False,source_registry:project,https://www.gdacs.org/gdacsapi/swagger/index.html,,,,,^$|^\d{4}-\d{2}-\d{2}$
GDACS,gdacs,Recherche / paramètres projet HDP,GET,https://www.gdacs.org/gdacsapi/api/events/geteventlist/SEARCH,event_types,interface projet,array,False,liste / sélection multiple,modifiable,,False,True,False,source_registry:project,https://www.gdacs.org/gdacsapi/swagger/index.html,[],,,,
GDACS,gdacs,Recherche / paramètres projet HDP,GET,https://www.gdacs.org/gdacsapi/api/events/geteventlist/SEARCH,location,interface projet,string,False,champ texte / mots-clés,modifiable,"Pays, territoire, zone ou lieu recherché dans les métadonnées normalisées.",False,True,False,source_registry:project,https://www.gdacs.org/gdacsapi/swagger/index.html,,,,,
GDACS,gdacs,Recherche / paramètres projet HDP,GET,https://www.gdacs.org/gdacsapi/api/events/geteventlist/SEARCH,query,interface projet,string,True,champ texte / mots-clés,modifiable,Mots-clés transmis ou utilisés pour filtrer le catalogue (2 caractères minimum lors de l’exécution).,False,True,False,source_registry:project,https://www.gdacs.org/gdacsapi/swagger/index.html,,,,,
GDACS,gdacs,Recherche / paramètres projet HDP,GET,https://www.gdacs.org/gdacsapi/api/events/geteventlist/SEARCH,result_limit,interface projet,integer,True,champ numérique,modifiable,,False,True,False,source_registry:project,https://www.gdacs.org/gdacsapi/swagger/index.html,25,,1,100,
GDACS,gdacs,"Search a list of events by parameter, it returns the first 100 elements, it is possible to obtain record by paging specifying the page size and page number.
The records are ordered by todate desc",GET,/api/AdaptiveCard/geteventlist/card,alertlevel,query,string,False,information en lecture seule,information,the alertlevel filter,True,False,False,provider OpenAPI/Swagger,https://www.gdacs.org/gdacsapi/swagger/v1/swagger.json,,,,,
GDACS,gdacs,"Search a list of events by parameter, it returns the first 100 elements, it is possible to obtain record by paging specifying the page size and page number.
The records are ordered by todate desc",GET,/api/AdaptiveCard/geteventlist/card,country,query,string,False,information en lecture seule,information,Optional: the country  to filter,True,False,False,provider OpenAPI/Swagger,https://www.gdacs.org/gdacsapi/swagger/v1/swagger.json,,,,,
GDACS,gdacs,"Search a list of events by parameter, it returns the first 100 elements, it is possible to obtain record by paging specifying the page size and page number.
The records are ordered by todate desc",GET,/api/AdaptiveCard/geteventlist/card,eventlist,query,string,False,information en lecture seule,information,the list of eventtypes to search,True,False,False,provider OpenAPI/Swagger,https://www.gdacs.org/gdacsapi/swagger/v1/swagger.json,,,,,
GDACS,gdacs,"Search a list of events by parameter, it returns the first 100 elements, it is possible to obtain record by paging specifying the page size and page number.
The records are ordered by todate desc",GET,/api/AdaptiveCard/geteventlist/card,fromDate,query,string,False,information en lecture seule,information,Optional: the datestart to filter,True,False,False,provider OpenAPI/Swagger,https://www.gdacs.org/gdacsapi/swagger/v1/swagger.json,,,,,
GDACS,gdacs,"Search a list of events by parameter, it returns the first 100 elements, it is possible to obtain record by paging specifying the page size and page number.
The records are ordered by todate desc",GET,/api/AdaptiveCard/geteventlist/card,pageNumber,query,integer,False,information en lecture seule,information,Optional: the page number of recordset,True,False,False,provider OpenAPI/Swagger,https://www.gdacs.org/gdacsapi/swagger/v1/swagger.json,,,,,
GDACS,gdacs,"Search a list of events by parameter, it returns the first 100 elements, it is possible to obtain record by paging specifying the page size and page number.
The records are ordered by todate desc",GET,/api/AdaptiveCard/geteventlist/card,pageSize,query,integer,False,information en lecture seule,information,Optional: the number of record in the page (Max 100),True,False,False,provider OpenAPI/Swagger,https://www.gdacs.org/gdacsapi/swagger/v1/swagger.json,,,,,
GDACS,gdacs,"Search a list of events by parameter, it returns the first 100 elements, it is possible to obtain record by paging specifying the page size and page number.
The records are ordered by todate desc",GET,/api/AdaptiveCard/geteventlist/card,toDate,query,string,False,information en lecture seule,information,Optional: the dateend  to filter,True,False,False,provider OpenAPI/Swagger,https://www.gdacs.org/gdacsapi/swagger/v1/swagger.json,,,,,
GDACS,gdacs,"Search a list of events by parameter, it returns the first 100 elements, it is possible to obtain record by paging specifying the page size and page number.
The records are ordered by todate desc",GET,/api/AdaptiveCard/geteventlist/data,alertlevel,query,string,False,information en lecture seule,information,the alertlevel filter,True,False,False,provider OpenAPI/Swagger,https://www.gdacs.org/gdacsapi/swagger/v1/swagger.json,,,,,
GDACS,gdacs,"Search a list of events by parameter, it returns the first 100 elements, it is possible to obtain record by paging specifying the page size and page number.
The records are ordered by todate desc",GET,/api/AdaptiveCard/geteventlist/data,country,query,string,False,information en lecture seule,information,Optional: the country  to filter,True,False,False,provider OpenAPI/Swagger,https://www.gdacs.org/gdacsapi/swagger/v1/swagger.json,,,,,
GDACS,gdacs,"Search a list of events by parameter, it returns the first 100 elements, it is possible to obtain record by paging specifying the page size and page number.
The records are ordered by todate desc",GET,/api/AdaptiveCard/geteventlist/data,eventlist,query,string,False,information en lecture seule,information,the list of eventtypes to search,True,False,False,provider OpenAPI/Swagger,https://www.gdacs.org/gdacsapi/swagger/v1/swagger.json,,,,,
GDACS,gdacs,"Search a list of events by parameter, it returns the first 100 elements, it is possible to obtain record by paging specifying the page size and page number.
The records are ordered by todate desc",GET,/api/AdaptiveCard/geteventlist/data,fromDate,query,string,False,information en lecture seule,information,Optional: the datestart to filter,True,False,False,provider OpenAPI/Swagger,https://www.gdacs.org/gdacsapi/swagger/v1/swagger.json,,,,,
GDACS,gdacs,"Search a list of events by parameter, it returns the first 100 elements, it is possible to obtain record by paging specifying the page size and page number.
The records are ordered by todate desc",GET,/api/AdaptiveCard/geteventlist/data,pageNumber,query,integer,False,information en lecture seule,information,Optional: the page number of recordset,True,False,False,provider OpenAPI/Swagger,https://www.gdacs.org/gdacsapi/swagger/v1/swagger.json,,,,,
GDACS,gdacs,"Search a list of events by parameter, it returns the first 100 elements, it is possible to obtain record by paging specifying the page size and page number.
The records are ordered by todate desc",GET,/api/AdaptiveCard/geteventlist/data,pageSize,query,integer,False,information en lecture seule,information,Optional: the number of record in the page (Max 100),True,False,False,provider OpenAPI/Swagger,https://www.gdacs.org/gdacsapi/swagger/v1/swagger.json,,,,,
GDACS,gdacs,"Search a list of events by parameter, it returns the first 100 elements, it is possible to obtain record by paging specifying the page size and page number.
The records are ordered by todate desc",GET,/api/AdaptiveCard/geteventlist/data,toDate,query,string,False,information en lecture seule,information,Optional: the dateend  to filter,True,False,False,provider OpenAPI/Swagger,https://www.gdacs.org/gdacsapi/swagger/v1/swagger.json,,,,,
GDACS,gdacs,"Search a list of events by parameter, it returns the first 100 elements, it is possible to obtain record by paging specifying the page size and page number.
The records are ordered by todate desc",GET,/api/Events/geteventlist/latest,alertlevel,query,string,False,information en lecture seule,information,the alertlevel filter,True,False,False,provider OpenAPI/Swagger,https://www.gdacs.org/gdacsapi/swagger/v1/swagger.json,,,,,
GDACS,gdacs,"Search a list of events by parameter, it returns the first 100 elements, it is possible to obtain record by paging specifying the page size and page number.
The records are ordered by todate desc",GET,/api/Events/geteventlist/latest,country,query,string,False,information en lecture seule,information,Optional: the country  to filter,True,False,False,provider OpenAPI/Swagger,https://www.gdacs.org/gdacsapi/swagger/v1/swagger.json,,,,,
GDACS,gdacs,"Search a list of events by parameter, it returns the first 100 elements, it is possible to obtain record by paging specifying the page size and page number.
The records are ordered by todate desc",GET,/api/Events/geteventlist/latest,datemodified,query,string,False,information en lecture seule,information,Optional: the date modified to filter (if empty get last 6 months),True,False,False,provider OpenAPI/Swagger,https://www.gdacs.org/gdacsapi/swagger/v1/swagger.json,,,,,
GDACS,gdacs,"Search a list of events by parameter, it returns the first 100 elements, it is possible to obtain record by paging specifying the page size and page number.
The records are ordered by todate desc",GET,/api/Events/geteventlist/latest,eventlist,query,string,False,information en lecture seule,information,the list of eventtypes to search,True,False,False,provider OpenAPI/Swagger,https://www.gdacs.org/gdacsapi/swagger/v1/swagger.json,,,,,
GDACS,gdacs,"Search a list of events by parameter, it returns the first 100 elements, it is possible to obtain record by paging specifying the page size and page number.
The records are ordered by todate desc",GET,/api/Events/geteventlist/latest,pageNumber,query,integer,False,information en lecture seule,information,Optional: the page number of recordset,True,False,False,provider OpenAPI/Swagger,https://www.gdacs.org/gdacsapi/swagger/v1/swagger.json,,,,,
GDACS,gdacs,"Search a list of events by parameter, it returns the first 100 elements, it is possible to obtain record by paging specifying the page size and page number.
The records are ordered by todate desc",GET,/api/Events/geteventlist/latest,pageSize,query,integer,False,information en lecture seule,information,Optional: the number of record in the page (Max 100),True,False,False,provider OpenAPI/Swagger,https://www.gdacs.org/gdacsapi/swagger/v1/swagger.json,,,,,
GDACS,gdacs,"Search a list of events by parameter, it returns the first 100 elements, it is possible to obtain record by paging specifying the page size and page number.
The records are ordered by todate desc",GET,/api/Events/geteventlist/latest,severity,query,number,False,information en lecture seule,information,Optional: the severity filter,True,False,False,provider OpenAPI/Swagger,https://www.gdacs.org/gdacsapi/swagger/v1/swagger.json,,,,,
GDACS,gdacs,"Search a list of events by parameter, it returns the first 100 elements, it is possible to obtain record by paging specifying the page size and page number.
The records are ordered by todate desc",GET,/api/Events/geteventlist/search,alertlevel,query,string,False,information en lecture seule,information,the alertlevel filter,True,False,False,provider OpenAPI/Swagger,https://www.gdacs.org/gdacsapi/swagger/v1/swagger.json,,,,,
GDACS,gdacs,"Search a list of events by parameter, it returns the first 100 elements, it is possible to obtain record by paging specifying the page size and page number.
The records are ordered by todate desc",GET,/api/Events/geteventlist/search,caller,query,string,False,information en lecture seule,information,Optional: The code to identify the caller of api,True,False,False,provider OpenAPI/Swagger,https://www.gdacs.org/gdacsapi/swagger/v1/swagger.json,,,,,
GDACS,gdacs,"Search a list of events by parameter, it returns the first 100 elements, it is possible to obtain record by paging specifying the page size and page number.
The records are ordered by todate desc",GET,/api/Events/geteventlist/search,country,query,string,False,information en lecture seule,information,Optional: the country  to filter,True,False,False,provider OpenAPI/Swagger,https://www.gdacs.org/gdacsapi/swagger/v1/swagger.json,,,,,
GDACS,gdacs,"Search a list of events by parameter, it returns the first 100 elements, it is possible to obtain record by paging specifying the page size and page number.
The records are ordered by todate desc",GET,/api/Events/geteventlist/search,eventlist,query,string,False,information en lecture seule,information,the list of eventtypes to search,True,False,False,provider OpenAPI/Swagger,https://www.gdacs.org/gdacsapi/swagger/v1/swagger.json,,,,,
GDACS,gdacs,"Search a list of events by parameter, it returns the first 100 elements, it is possible to obtain record by paging specifying the page size and page number.
The records are ordered by todate desc",GET,/api/Events/geteventlist/search,fromDate,query,string,False,information en lecture seule,information,Optional: the datestart to filter,True,False,False,provider OpenAPI/Swagger,https://www.gdacs.org/gdacsapi/swagger/v1/swagger.json,,,,,
GDACS,gdacs,"Search a list of events by parameter, it returns the first 100 elements, it is possible to obtain record by paging specifying the page size and page number.
The records are ordered by todate desc",GET,/api/Events/geteventlist/search,pageNumber,query,integer,False,information en lecture seule,information,Optional: the page number of recordset,True,False,False,provider OpenAPI/Swagger,https://www.gdacs.org/gdacsapi/swagger/v1/swagger.json,,,,,
GDACS,gdacs,"Search a list of events by parameter, it returns the first 100 elements, it is possible to obtain record by paging specifying the page size and page number.
The records are ordered by todate desc",GET,/api/Events/geteventlist/search,pageSize,query,integer,False,information en lecture seule,information,Optional: the number of record in the page (Max 100),True,False,False,provider OpenAPI/Swagger,https://www.gdacs.org/gdacsapi/swagger/v1/swagger.json,,,,,
GDACS,gdacs,"Search a list of events by parameter, it returns the first 100 elements, it is possible to obtain record by paging specifying the page size and page number.
The records are ordered by todate desc",GET,/api/Events/geteventlist/search,severity,query,number,False,information en lecture seule,information,Optional: the severity filter,True,False,False,provider OpenAPI/Swagger,https://www.gdacs.org/gdacsapi/swagger/v1/swagger.json,,,,,
GDACS,gdacs,"Search a list of events by parameter, it returns the first 100 elements, it is possible to obtain record by paging specifying the page size and page number.
The records are ordered by todate desc",GET,/api/Events/geteventlist/search,toDate,query,string,False,information en lecture seule,information,Optional: the dateend  to filter,True,False,False,provider OpenAPI/Swagger,https://www.gdacs.org/gdacsapi/swagger/v1/swagger.json,,,,,
GDACS,gdacs,"Search a list of events by parameter, it returns the first 100 elements, it is possible to obtain record by paging specifying the page size and page number.
The records are ordered by todate desc",GET,/api/Events/geteventlist/statistic,alertlevel,query,string,False,information en lecture seule,information,the alertlevel filter,True,False,False,provider OpenAPI/Swagger,https://www.gdacs.org/gdacsapi/swagger/v1/swagger.json,,,,,
GDACS,gdacs,"Search a list of events by parameter, it returns the first 100 elements, it is possible to obtain record by paging specifying the page size and page number.
The records are ordered by todate desc",GET,/api/Events/geteventlist/statistic,country,query,string,False,information en lecture seule,information,Optional: the country  to filter,True,False,False,provider OpenAPI/Swagger,https://www.gdacs.org/gdacsapi/swagger/v1/swagger.json,,,,,
GDACS,gdacs,"Search a list of events by parameter, it returns the first 100 elements, it is possible to obtain record by paging specifying the page size and page number.
The records are ordered by todate desc",GET,/api/Events/geteventlist/statistic,eventlist,query,string,False,information en lecture seule,information,the list of eventtypes to search,True,False,False,provider OpenAPI/Swagger,https://www.gdacs.org/gdacsapi/swagger/v1/swagger.json,,,,,
GDACS,gdacs,"Search a list of events by parameter, it returns the first 100 elements, it is possible to obtain record by paging specifying the page size and page number.
The records are ordered by todate desc",GET,/api/Events/geteventlist/statistic,fromDate,query,string,False,information en lecture seule,information,Optional: the datestart to filter,True,False,False,provider OpenAPI/Swagger,https://www.gdacs.org/gdacsapi/swagger/v1/swagger.json,,,,,
GDACS,gdacs,"Search a list of events by parameter, it returns the first 100 elements, it is possible to obtain record by paging specifying the page size and page number.
The records are ordered by todate desc",GET,/api/Events/geteventlist/statistic,toDate,query,string,False,information en lecture seule,information,Optional: the dateend  to filter,True,False,False,provider OpenAPI/Swagger,https://www.gdacs.org/gdacsapi/swagger/v1/swagger.json,,,,,
GDACS,gdacs,Update Storage Repository used by AI volcano,POST,/api/azurecontent/StaticData/updaterepository,containername,body,string,False,information en lecture seule,information,,True,False,False,provider OpenAPI requestBody,https://www.gdacs.org/gdacsapi/swagger/v1/swagger.json,,,,,
GDACS,gdacs,Update Storage Repository used by AI volcano,POST,/api/azurecontent/StaticData/updaterepository,content,body,string,False,information en lecture seule,information,,True,False,False,provider OpenAPI requestBody,https://www.gdacs.org/gdacsapi/swagger/v1/swagger.json,,,,,
GDACS,gdacs,Update Storage Repository used by AI volcano,POST,/api/azurecontent/StaticData/updaterepository,contentByte,body,string,False,information en lecture seule,information,,True,False,False,provider OpenAPI requestBody,https://www.gdacs.org/gdacsapi/swagger/v1/swagger.json,,,,,
GDACS,gdacs,Update Storage Repository used by AI volcano,POST,/api/azurecontent/StaticData/updaterepository,filename,body,string,False,information en lecture seule,information,,True,False,False,provider OpenAPI requestBody,https://www.gdacs.org/gdacsapi/swagger/v1/swagger.json,,,,,
GDACS,gdacs,Update Storage Repository used by GDACS Contecxt data,POST,/api/azurecontent/StaticData/updategenericrepository,containername,body,string,False,information en lecture seule,information,,True,False,False,provider OpenAPI requestBody,https://www.gdacs.org/gdacsapi/swagger/v1/swagger.json,,,,,
GDACS,gdacs,Update Storage Repository used by GDACS Contecxt data,POST,/api/azurecontent/StaticData/updategenericrepository,content,body,string,False,information en lecture seule,information,,True,False,False,provider OpenAPI requestBody,https://www.gdacs.org/gdacsapi/swagger/v1/swagger.json,,,,,
GDACS,gdacs,Update Storage Repository used by GDACS Contecxt data,POST,/api/azurecontent/StaticData/updategenericrepository,contentByte,body,string,False,information en lecture seule,information,,True,False,False,provider OpenAPI requestBody,https://www.gdacs.org/gdacsapi/swagger/v1/swagger.json,,,,,
GDACS,gdacs,Update Storage Repository used by GDACS Contecxt data,POST,/api/azurecontent/StaticData/updategenericrepository,filename,body,string,False,information en lecture seule,information,,True,False,False,provider OpenAPI requestBody,https://www.gdacs.org/gdacsapi/swagger/v1/swagger.json,,,,,
GDACS,gdacs,Update Storage Repository used by GDACS Contecxt data,POST,/api/azurecontent/StaticData/updategenericrepositorysync,containername,body,string,False,information en lecture seule,information,,True,False,False,provider OpenAPI requestBody,https://www.gdacs.org/gdacsapi/swagger/v1/swagger.json,,,,,
GDACS,gdacs,Update Storage Repository used by GDACS Contecxt data,POST,/api/azurecontent/StaticData/updategenericrepositorysync,content,body,string,False,information en lecture seule,information,,True,False,False,provider OpenAPI requestBody,https://www.gdacs.org/gdacsapi/swagger/v1/swagger.json,,,,,
GDACS,gdacs,Update Storage Repository used by GDACS Contecxt data,POST,/api/azurecontent/StaticData/updategenericrepositorysync,contentByte,body,string,False,information en lecture seule,information,,True,False,False,provider OpenAPI requestBody,https://www.gdacs.org/gdacsapi/swagger/v1/swagger.json,,,,,
GDACS,gdacs,Update Storage Repository used by GDACS Contecxt data,POST,/api/azurecontent/StaticData/updategenericrepositorysync,filename,body,string,False,information en lecture seule,information,,True,False,False,provider OpenAPI requestBody,https://www.gdacs.org/gdacsapi/swagger/v1/swagger.json,,,,,
GDACS,gdacs,geteventlist/SEARCH,GET,/gdacsapi/api/events/geteventlist/SEARCH,alertlevel,query,array/string,False,champ texte / mots-clés,modifiable,Alert level filter.,False,True,False,provider documentation / curated V6 baseline,https://www.gdacs.org/gdacsapi/swagger/index.html,,,,,
GDACS,gdacs,geteventlist/SEARCH,GET,/gdacsapi/api/events/geteventlist/SEARCH,eventlist,query,array/string,False,champ texte / mots-clés,modifiable,Event type filter.,False,True,False,provider documentation / curated V6 baseline,https://www.gdacs.org/gdacsapi/swagger/index.html,,,,,
GDACS,gdacs,geteventlist/SEARCH,GET,/gdacsapi/api/events/geteventlist/SEARCH,fromDate,query,date,False,champ texte / mots-clés,modifiable,Start date.,False,True,False,provider documentation / curated V6 baseline,https://www.gdacs.org/gdacsapi/swagger/index.html,,,,,
GDACS,gdacs,geteventlist/SEARCH,GET,/gdacsapi/api/events/geteventlist/SEARCH,toDate,query,date,False,champ texte / mots-clés,modifiable,End date.,False,True,False,provider documentation / curated V6 baseline,https://www.gdacs.org/gdacsapi/swagger/index.html,,,,,
HDX / CKAN,hdx,Configuration globale HDP,CONFIG,https://data.humdata.org/api/3/action/package_search,accept_language,configuration globale,string,False,liste de sélection,modifiable,,False,True,False,source_registry:global,https://docs.ckan.org/en/latest/api/,en,"['en', 'fr', 'es', 'ar', 'zh']",,,
HDX / CKAN,hdx,Configuration globale HDP,CONFIG,https://data.humdata.org/api/3/action/package_search,backoff_seconds,configuration globale,integer,False,champ numérique,modifiable,,False,True,False,source_registry:global,https://docs.ckan.org/en/latest/api/,2,,1,60,
HDX / CKAN,hdx,Configuration globale HDP,CONFIG,https://data.humdata.org/api/3/action/package_search,catalog_action,configuration globale,string,False,information en lecture seule,information,,True,False,False,source_registry:global,https://docs.ckan.org/en/latest/api/,package_search,['package_search'],,,
HDX / CKAN,hdx,Configuration globale HDP,CONFIG,https://data.humdata.org/api/3/action/package_search,ckan_api_version,configuration globale,string,False,information en lecture seule,information,Version imposée par le connecteur HDX et incluse dans l’URL.,True,False,False,source_registry:global,https://docs.ckan.org/en/latest/api/,3,['3'],,,
HDX / CKAN,hdx,Configuration globale HDP,CONFIG,https://data.humdata.org/api/3/action/package_search,connect_timeout_seconds,configuration globale,integer,False,champ numérique,modifiable,Délai maximal consacré à l’établissement de la connexion HTTPS.,False,True,False,source_registry:global,https://docs.ckan.org/en/latest/api/,20,,3,60,
HDX / CKAN,hdx,Configuration globale HDP,CONFIG,https://data.humdata.org/api/3/action/package_search,enabled,configuration globale,boolean,False,case à cocher,modifiable,,False,True,False,source_registry:global,https://docs.ckan.org/en/latest/api/,True,,,,
HDX / CKAN,hdx,Configuration globale HDP,CONFIG,https://data.humdata.org/api/3/action/package_search,max_response_bytes,configuration globale,integer,False,champ numérique,modifiable,"La réponse JSON est refusée au-delà de cette limite, avant décodage.",False,True,False,source_registry:global,https://docs.ckan.org/en/latest/api/,25000000,,100000,200000000,
HDX / CKAN,hdx,Configuration globale HDP,CONFIG,https://data.humdata.org/api/3/action/package_search,retry_count,configuration globale,integer,False,champ numérique,modifiable,,False,True,False,source_registry:global,https://docs.ckan.org/en/latest/api/,2,,0,5,
HDX / CKAN,hdx,Configuration globale HDP,CONFIG,https://data.humdata.org/api/3/action/package_search,timeout_seconds,configuration globale,integer,False,champ numérique,modifiable,,False,True,False,source_registry:global,https://docs.ckan.org/en/latest/api/,40,,5,180,
HDX / CKAN,hdx,Configuration globale HDP,CONFIG,https://data.humdata.org/api/3/action/package_search,user_agent,configuration globale,string,False,champ texte / mots-clés,modifiable,Identifie clairement le client HDP auprès du fournisseur de données.,False,True,False,source_registry:global,https://docs.ckan.org/en/latest/api/,HDP/6.0.0,,,,
HDX / CKAN,hdx,Recherche / paramètres projet HDP,GET,https://data.humdata.org/api/3/action/package_search,auto_download,interface projet,boolean,True,case à cocher,modifiable,,False,True,False,source_registry:project,https://docs.ckan.org/en/latest/api/,False,,,,
HDX / CKAN,hdx,Recherche / paramètres projet HDP,GET,https://data.humdata.org/api/3/action/package_search,date_from,interface projet,string,False,champ texte / mots-clés,modifiable,Critère commun ISO 8601. Filtré après normalisation si l’API ne l’expose pas nativement.,False,True,False,source_registry:project,https://docs.ckan.org/en/latest/api/,,,,,^$|^\d{4}-\d{2}-\d{2}$
HDX / CKAN,hdx,Recherche / paramètres projet HDP,GET,https://data.humdata.org/api/3/action/package_search,date_to,interface projet,string,False,champ texte / mots-clés,modifiable,Critère commun ISO 8601 inclusif.,False,True,False,source_registry:project,https://docs.ckan.org/en/latest/api/,,,,,^$|^\d{4}-\d{2}-\d{2}$
HDX / CKAN,hdx,Recherche / paramètres projet HDP,GET,https://data.humdata.org/api/3/action/package_search,fq,interface projet,string,False,champ texte / mots-clés,modifiable,"Filtre Solr CKAN optionnel, conservé tel quel dans la provenance.",False,True,False,source_registry:project,https://docs.ckan.org/en/latest/api/,,,,,
HDX / CKAN,hdx,Recherche / paramètres projet HDP,GET,https://data.humdata.org/api/3/action/package_search,location,interface projet,string,False,champ texte / mots-clés,modifiable,"Pays, territoire, zone ou lieu recherché dans les métadonnées normalisées.",False,True,False,source_registry:project,https://docs.ckan.org/en/latest/api/,,,,,
HDX / CKAN,hdx,Recherche / paramètres projet HDP,GET,https://data.humdata.org/api/3/action/package_search,query,interface projet,string,True,champ texte / mots-clés,modifiable,Mots-clés transmis ou utilisés pour filtrer le catalogue (2 caractères minimum lors de l’exécution).,False,True,False,source_registry:project,https://docs.ckan.org/en/latest/api/,,,,,
HDX / CKAN,hdx,Recherche / paramètres projet HDP,GET,https://data.humdata.org/api/3/action/package_search,result_limit,interface projet,integer,True,champ numérique,modifiable,,False,True,False,source_registry:project,https://docs.ckan.org/en/latest/api/,25,,1,100,
HDX / CKAN,hdx,Recherche / paramètres projet HDP,GET,https://data.humdata.org/api/3/action/package_search,sort,interface projet,string,False,champ texte / mots-clés,modifiable,,False,True,False,source_registry:project,https://docs.ckan.org/en/latest/api/,"score desc, metadata_modified desc",,,,
HDX / CKAN,hdx,Recherche / paramètres projet HDP,GET,https://data.humdata.org/api/3/action/package_search,start,interface projet,integer,False,champ numérique,modifiable,,False,True,False,source_registry:project,https://docs.ckan.org/en/latest/api/,0,,0,10000,
HDX / CKAN,hdx,package_search,GET,/api/3/action/package_search,fq,query,string,False,champ texte / mots-clés,modifiable,Solr filter query.,False,True,False,provider documentation / curated V6 baseline,https://docs.ckan.org/en/latest/api/,,,,,
HDX / CKAN,hdx,package_search,GET,/api/3/action/package_search,fq_list,query,array,False,information en lecture seule,information,Additional filter queries.,True,False,False,provider documentation / curated V6 baseline,https://docs.ckan.org/en/latest/api/,,,,,
HDX / CKAN,hdx,package_search,GET,/api/3/action/package_search,q,query,string,False,champ texte / mots-clés,modifiable,Full text package search query.,False,True,False,provider documentation / curated V6 baseline,https://docs.ckan.org/en/latest/api/,,,,,
HDX / CKAN,hdx,package_search,GET,/api/3/action/package_search,qf,query,string,False,information en lecture seule,information,Query fields and boosts.,True,False,False,provider documentation / curated V6 baseline,https://docs.ckan.org/en/latest/api/,,,,,
HDX / CKAN,hdx,package_search,GET,/api/3/action/package_search,rows,query,integer,False,champ numérique,modifiable,Maximum number of rows.,False,True,False,provider documentation / curated V6 baseline,https://docs.ckan.org/en/latest/api/,,,,,
HDX / CKAN,hdx,package_search,GET,/api/3/action/package_search,sort,query,string,False,champ texte / mots-clés,modifiable,Sort expression.,False,True,False,provider documentation / curated V6 baseline,https://docs.ckan.org/en/latest/api/,,,,,
HDX / CKAN,hdx,package_search,GET,/api/3/action/package_search,start,query,integer,False,champ numérique,modifiable,Result offset.,False,True,False,provider documentation / curated V6 baseline,https://docs.ckan.org/en/latest/api/,,,,,
HDX Humanitarian API (HAPI),hdx-hapi,Configuration globale HDP,CONFIG,https://hapi.humdata.org/api/v2,accept_language,configuration globale,string,False,liste de sélection,modifiable,,False,True,False,source_registry:global,https://hapi.humdata.org/,en,"['en', 'fr', 'es', 'ar', 'zh']",,,
HDX Humanitarian API (HAPI),hdx-hapi,Configuration globale HDP,CONFIG,https://hapi.humdata.org/api/v2,api_version,configuration globale,string,False,information en lecture seule,information,,True,False,False,source_registry:global,https://hapi.humdata.org/,v2,['v2'],,,
HDX Humanitarian API (HAPI),hdx-hapi,Configuration globale HDP,CONFIG,https://hapi.humdata.org/api/v2,application_identifier_source,configuration globale,string,False,information en lecture seule,information,Nom de variable d’environnement ; sa valeur n’est jamais exposée.,True,False,False,source_registry:global,https://hapi.humdata.org/,HDX_HAPI_APP_IDENTIFIER,['HDX_HAPI_APP_IDENTIFIER'],,,
HDX Humanitarian API (HAPI),hdx-hapi,Configuration globale HDP,CONFIG,https://hapi.humdata.org/api/v2,backoff_seconds,configuration globale,integer,False,champ numérique,modifiable,,False,True,False,source_registry:global,https://hapi.humdata.org/,2,,1,60,
HDX Humanitarian API (HAPI),hdx-hapi,Configuration globale HDP,CONFIG,https://hapi.humdata.org/api/v2,connect_timeout_seconds,configuration globale,integer,False,champ numérique,modifiable,Délai maximal consacré à l’établissement de la connexion HTTPS.,False,True,False,source_registry:global,https://hapi.humdata.org/,20,,3,60,
HDX Humanitarian API (HAPI),hdx-hapi,Configuration globale HDP,CONFIG,https://hapi.humdata.org/api/v2,enabled,configuration globale,boolean,False,case à cocher,modifiable,,False,True,False,source_registry:global,https://hapi.humdata.org/,True,,,,
HDX Humanitarian API (HAPI),hdx-hapi,Configuration globale HDP,CONFIG,https://hapi.humdata.org/api/v2,max_response_bytes,configuration globale,integer,False,champ numérique,modifiable,"La réponse JSON est refusée au-delà de cette limite, avant décodage.",False,True,False,source_registry:global,https://hapi.humdata.org/,25000000,,100000,200000000,
HDX Humanitarian API (HAPI),hdx-hapi,Configuration globale HDP,CONFIG,https://hapi.humdata.org/api/v2,retry_count,configuration globale,integer,False,champ numérique,modifiable,,False,True,False,source_registry:global,https://hapi.humdata.org/,2,,0,5,
HDX Humanitarian API (HAPI),hdx-hapi,Configuration globale HDP,CONFIG,https://hapi.humdata.org/api/v2,timeout_seconds,configuration globale,integer,False,champ numérique,modifiable,,False,True,False,source_registry:global,https://hapi.humdata.org/,40,,5,180,
HDX Humanitarian API (HAPI),hdx-hapi,Configuration globale HDP,CONFIG,https://hapi.humdata.org/api/v2,user_agent,configuration globale,string,False,champ texte / mots-clés,modifiable,Identifie clairement le client HDP auprès du fournisseur de données.,False,True,False,source_registry:global,https://hapi.humdata.org/,HDP/6.0.0,,,,
HDX Humanitarian API (HAPI),hdx-hapi,HAPI data,GET,/api/v2/{endpoint},admin_level,query,integer,False,champ numérique,modifiable,Administrative level.,False,True,False,provider documentation / curated V6 baseline,https://hapi.humdata.org/,,,,,
HDX Humanitarian API (HAPI),hdx-hapi,HAPI data,GET,/api/v2/{endpoint},app_identifier,query/header,string,False,secret / variable d’environnement,secret,HAPI application identifier.,False,True,True,provider documentation / curated V6 baseline,https://hapi.humdata.org/,,,,,
HDX Humanitarian API (HAPI),hdx-hapi,HAPI data,GET,/api/v2/{endpoint},limit,query,integer,False,champ numérique,modifiable,Maximum rows.,False,True,False,provider documentation / curated V6 baseline,https://hapi.humdata.org/,,,,,
HDX Humanitarian API (HAPI),hdx-hapi,HAPI data,GET,/api/v2/{endpoint},location_code,query,string,False,champ texte / mots-clés,modifiable,Location code.,False,True,False,provider documentation / curated V6 baseline,https://hapi.humdata.org/,,,,,
HDX Humanitarian API (HAPI),hdx-hapi,HAPI data,GET,/api/v2/{endpoint},offset,query,integer,False,champ numérique,modifiable,Result offset.,False,True,False,provider documentation / curated V6 baseline,https://hapi.humdata.org/,,,,,
HDX Humanitarian API (HAPI),hdx-hapi,HAPI data,GET,/api/v2/{endpoint},output_format,query,string,False,champ texte / mots-clés,modifiable,Output format.,False,True,False,provider documentation / curated V6 baseline,https://hapi.humdata.org/,,,,,
HDX Humanitarian API (HAPI),hdx-hapi,Recherche / paramètres projet HDP,GET,https://hapi.humdata.org/api/v2,admin_level,interface projet,integer,False,liste de sélection,modifiable,,False,True,False,source_registry:project,https://hapi.humdata.org/,0,"[0, 1, 2]",,,
HDX Humanitarian API (HAPI),hdx-hapi,Recherche / paramètres projet HDP,GET,https://hapi.humdata.org/api/v2,auto_download,interface projet,boolean,True,case à cocher,modifiable,,False,True,False,source_registry:project,https://hapi.humdata.org/,False,,,,
HDX Humanitarian API (HAPI),hdx-hapi,Recherche / paramètres projet HDP,GET,https://hapi.humdata.org/api/v2,date_from,interface projet,string,False,champ texte / mots-clés,modifiable,Critère commun ISO 8601. Filtré après normalisation si l’API ne l’expose pas nativement.,False,True,False,source_registry:project,https://hapi.humdata.org/,,,,,^$|^\d{4}-\d{2}-\d{2}$
HDX Humanitarian API (HAPI),hdx-hapi,Recherche / paramètres projet HDP,GET,https://hapi.humdata.org/api/v2,date_to,interface projet,string,False,champ texte / mots-clés,modifiable,Critère commun ISO 8601 inclusif.,False,True,False,source_registry:project,https://hapi.humdata.org/,,,,,^$|^\d{4}-\d{2}-\d{2}$
HDX Humanitarian API (HAPI),hdx-hapi,Recherche / paramètres projet HDP,GET,https://hapi.humdata.org/api/v2,endpoint,interface projet,string,False,liste de sélection,modifiable,,False,True,False,source_registry:project,https://hapi.humdata.org/,affected-people/idps,"['affected-people/idps', 'affected-people/refugees-persons-of-concern', 'affected-people/returnees', 'affected-people/humanitarian-needs', 'coordination-context/operational-presence', 'coordination-context/funding', 'coordination-context/conflict-events', 'coordination-context/national-risk', 'food-security-nutrition-poverty/food-security', 'food-security-nutrition-poverty/food-prices-market-monitor', 'food-security-nutrition-poverty/poverty-rate', 'geography-infrastructure/baseline-population', 'climate/hazards-rainfall']",,,
HDX Humanitarian API (HAPI),hdx-hapi,Recherche / paramètres projet HDP,GET,https://hapi.humdata.org/api/v2,location,interface projet,string,False,champ texte / mots-clés,modifiable,"Pays, territoire, zone ou lieu recherché dans les métadonnées normalisées.",False,True,False,source_registry:project,https://hapi.humdata.org/,,,,,
HDX Humanitarian API (HAPI),hdx-hapi,Recherche / paramètres projet HDP,GET,https://hapi.humdata.org/api/v2,location_code,interface projet,string,False,champ texte / mots-clés,modifiable,,False,True,False,source_registry:project,https://hapi.humdata.org/,,,,,^$|^[A-Z]{3}$
HDX Humanitarian API (HAPI),hdx-hapi,Recherche / paramètres projet HDP,GET,https://hapi.humdata.org/api/v2,offset,interface projet,integer,False,champ numérique,modifiable,,False,True,False,source_registry:project,https://hapi.humdata.org/,0,,0,100000,
HDX Humanitarian API (HAPI),hdx-hapi,Recherche / paramètres projet HDP,GET,https://hapi.humdata.org/api/v2,query,interface projet,string,True,champ texte / mots-clés,modifiable,Mots-clés transmis ou utilisés pour filtrer le catalogue (2 caractères minimum lors de l’exécution).,False,True,False,source_registry:project,https://hapi.humdata.org/,,,,,
HDX Humanitarian API (HAPI),hdx-hapi,Recherche / paramètres projet HDP,GET,https://hapi.humdata.org/api/v2,result_limit,interface projet,integer,True,champ numérique,modifiable,,False,True,False,source_registry:project,https://hapi.humdata.org/,25,,1,100,
HDX Humanitarian API (HAPI),hdx-hapi,get_admin1_api_v2_metadata_admin1_get,GET,/api/v2/metadata/admin1,app_identifier,query,string,True,information en lecture seule,information,"base64 encoded application name and email, as in `base64(""app_name:email"")`. This value can also be passed in the `X-HDX-HAPI-APP-IDENTIFIER` header. See the *encoded_app_identifier* endpoint.",True,False,False,provider OpenAPI/Swagger,https://hapi.humdata.org/openapi.json,,,,,
HDX Humanitarian API (HAPI),hdx-hapi,get_admin1_api_v2_metadata_admin1_get,GET,/api/v2/metadata/admin1,code,query,string,False,information en lecture seule,information,"Filter the response by the 1st subnational administrative divisions. The admin1 codes refer to the p-codes in the <a href=""https://data.humdata.org/dashboards/cod?"">Common Operational Datasets</a>.",True,False,False,provider OpenAPI/Swagger,https://hapi.humdata.org/openapi.json,,,,,
HDX Humanitarian API (HAPI),hdx-hapi,get_admin1_api_v2_metadata_admin1_get,GET,/api/v2/metadata/admin1,end_date,query,string,False,information en lecture seule,information,"Filter entries to include rows where the reference period overlaps with or begins prior to this date, e.g. 2020, 2020-01, 2020-01-01, 2020-01-01 or 2020-01-01T23:59:59",True,False,False,provider OpenAPI/Swagger,https://hapi.humdata.org/openapi.json,,,,,
HDX Humanitarian API (HAPI),hdx-hapi,get_admin1_api_v2_metadata_admin1_get,GET,/api/v2/metadata/admin1,id,query,string,False,information en lecture seule,information,"Filter the response by a location (typically a country), using the unique identifier (id) from the location table associated with each entry.",True,False,False,provider OpenAPI/Swagger,https://hapi.humdata.org/openapi.json,,,,,
HDX Humanitarian API (HAPI),hdx-hapi,get_admin1_api_v2_metadata_admin1_get,GET,/api/v2/metadata/admin1,limit,query,integer,False,information en lecture seule,information,"Maximum number of records to return. The system will not return more than 10,000 records.",True,False,False,provider OpenAPI/Swagger,https://hapi.humdata.org/openapi.json,10000,,0,10000,
HDX Humanitarian API (HAPI),hdx-hapi,get_admin1_api_v2_metadata_admin1_get,GET,/api/v2/metadata/admin1,location_code,query,string,False,information en lecture seule,information,"Filter the response by a location (typically a country). The location codes use the ISO-3 (ISO 3166 alpha-3) codes. See the <a href=""/docs#/Metadata/get_locations_api_v1_metadata_location_get"" target=""_blank"">location endpoint</a> for details.",True,False,False,provider OpenAPI/Swagger,https://hapi.humdata.org/openapi.json,,,,,
HDX Humanitarian API (HAPI),hdx-hapi,get_admin1_api_v2_metadata_admin1_get,GET,/api/v2/metadata/admin1,location_name,query,string,False,information en lecture seule,information,"Filter the response by a location (typically a country). The location names are based on the ""short name"" from the <a href=""https://unstats.un.org/unsd/methodology/m49/#fn2"">UN M49 Standard</a>. See the <a href=""/docs#/Metadata/get_locations_api_v1_metadata_location_get"" target=""_blank"">location endpoint</a> for details.",True,False,False,provider OpenAPI/Swagger,https://hapi.humdata.org/openapi.json,,,,,
HDX Humanitarian API (HAPI),hdx-hapi,get_admin1_api_v2_metadata_admin1_get,GET,/api/v2/metadata/admin1,location_ref,query,string,False,information en lecture seule,information,Filter the response by a location (typically a country) reference number.,True,False,False,provider OpenAPI/Swagger,https://hapi.humdata.org/openapi.json,,,,,
HDX Humanitarian API (HAPI),hdx-hapi,get_admin1_api_v2_metadata_admin1_get,GET,/api/v2/metadata/admin1,name,query,string,False,information en lecture seule,information,"Filter the response by the 1st subnational administrative divisions. The admin1 names refer to either the <a href=""https://data.humdata.org/dashboards/cod?"">Common Operational Datasets</a> or those provided in the original data source.",True,False,False,provider OpenAPI/Swagger,https://hapi.humdata.org/openapi.json,,,,,
HDX Humanitarian API (HAPI),hdx-hapi,get_admin1_api_v2_metadata_admin1_get,GET,/api/v2/metadata/admin1,offset,query,integer,False,information en lecture seule,information,Number of records to skip in the response. Use in conjunction with the limit parameter to paginate.,True,False,False,provider OpenAPI/Swagger,https://hapi.humdata.org/openapi.json,0,,0,,
HDX Humanitarian API (HAPI),hdx-hapi,get_admin1_api_v2_metadata_admin1_get,GET,/api/v2/metadata/admin1,output_format,query,string,False,information en lecture seule,information,,True,False,False,provider OpenAPI/Swagger,https://hapi.humdata.org/openapi.json,,"['csv', 'json']",,,
HDX Humanitarian API (HAPI),hdx-hapi,get_admin1_api_v2_metadata_admin1_get,GET,/api/v2/metadata/admin1,start_date,query,string,False,information en lecture seule,information,"Filter entries to include rows where the reference period overlaps with or extends beyond this date, e.g. 2020, 2020-01, 2020-01-01 or 2020-01-01T00:00:00",True,False,False,provider OpenAPI/Swagger,https://hapi.humdata.org/openapi.json,,,,,
HDX Humanitarian API (HAPI),hdx-hapi,get_admin2_api_v2_metadata_admin2_get,GET,/api/v2/metadata/admin2,admin1_code,query,string,False,information en lecture seule,information,"Filter the response by the 1st subnational administrative divisions. The admin1 codes refer to the p-codes in the <a href=""https://data.humdata.org/dashboards/cod?"">Common Operational Datasets</a>. See the <a href=""/docs#/Metadata/get_admin1_api_v1_metadata_admin1_get"" target=""_blank"">admin1 endpoint</a> for details.",True,False,False,provider OpenAPI/Swagger,https://hapi.humdata.org/openapi.json,,,,,
HDX Humanitarian API (HAPI),hdx-hapi,get_admin2_api_v2_metadata_admin2_get,GET,/api/v2/metadata/admin2,admin1_name,query,string,False,information en lecture seule,information,"Filter the response by the 1st subnational administrative divisions. The admin1 names refer to either the <a href=""https://data.humdata.org/dashboards/cod?"">Common Operational Datasets</a> or those provided in the original data source. See the <a href=""/docs#/Metadata/get_admin1_api_v1_metadata_admin1_get"" target=""_blank"">admin1 endpoint</a> for details.",True,False,False,provider OpenAPI/Swagger,https://hapi.humdata.org/openapi.json,,,,,
HDX Humanitarian API (HAPI),hdx-hapi,get_admin2_api_v2_metadata_admin2_get,GET,/api/v2/metadata/admin2,admin1_ref,query,string,False,information en lecture seule,information,Filter the response by a location (typically a country) reference number.,True,False,False,provider OpenAPI/Swagger,https://hapi.humdata.org/openapi.json,,,,,
HDX Humanitarian API (HAPI),hdx-hapi,get_admin2_api_v2_metadata_admin2_get,GET,/api/v2/metadata/admin2,app_identifier,query,string,True,information en lecture seule,information,"base64 encoded application name and email, as in `base64(""app_name:email"")`. This value can also be passed in the `X-HDX-HAPI-APP-IDENTIFIER` header. See the *encoded_app_identifier* endpoint.",True,False,False,provider OpenAPI/Swagger,https://hapi.humdata.org/openapi.json,,,,,
HDX Humanitarian API (HAPI),hdx-hapi,get_admin2_api_v2_metadata_admin2_get,GET,/api/v2/metadata/admin2,code,query,string,False,information en lecture seule,information,"Filter the response by the 2nd subnational administrative divisions. The admin2 codes refer to the p-codes in the <a href=""https://data.humdata.org/dashboards/cod?"">Common Operational Datasets</a>.",True,False,False,provider OpenAPI/Swagger,https://hapi.humdata.org/openapi.json,,,,,
HDX Humanitarian API (HAPI),hdx-hapi,get_admin2_api_v2_metadata_admin2_get,GET,/api/v2/metadata/admin2,end_date,query,string,False,information en lecture seule,information,"Filter entries to include rows where the reference period overlaps with or begins prior to this date, e.g. 2020, 2020-01, 2020-01-01, 2020-01-01 or 2020-01-01T23:59:59",True,False,False,provider OpenAPI/Swagger,https://hapi.humdata.org/openapi.json,,,,,
HDX Humanitarian API (HAPI),hdx-hapi,get_admin2_api_v2_metadata_admin2_get,GET,/api/v2/metadata/admin2,id,query,string,False,information en lecture seule,information,"Filter the response by a location (typically a country), using the unique identifier (id) from the location table associated with each entry.",True,False,False,provider OpenAPI/Swagger,https://hapi.humdata.org/openapi.json,,,,,
HDX Humanitarian API (HAPI),hdx-hapi,get_admin2_api_v2_metadata_admin2_get,GET,/api/v2/metadata/admin2,limit,query,integer,False,information en lecture seule,information,"Maximum number of records to return. The system will not return more than 10,000 records.",True,False,False,provider OpenAPI/Swagger,https://hapi.humdata.org/openapi.json,10000,,0,10000,
HDX Humanitarian API (HAPI),hdx-hapi,get_admin2_api_v2_metadata_admin2_get,GET,/api/v2/metadata/admin2,location_code,query,string,False,information en lecture seule,information,"Filter the response by a location (typically a country). The location codes use the ISO-3 (ISO 3166 alpha-3) codes. See the <a href=""/docs#/Metadata/get_locations_api_v1_metadata_location_get"" target=""_blank"">location endpoint</a> for details.",True,False,False,provider OpenAPI/Swagger,https://hapi.humdata.org/openapi.json,,,,,
HDX Humanitarian API (HAPI),hdx-hapi,get_admin2_api_v2_metadata_admin2_get,GET,/api/v2/metadata/admin2,location_name,query,string,False,information en lecture seule,information,"Filter the response by a location (typically a country). The location names are based on the ""short name"" from the <a href=""https://unstats.un.org/unsd/methodology/m49/#fn2"">UN M49 Standard</a>. See the <a href=""/docs#/Metadata/get_locations_api_v1_metadata_location_get"" target=""_blank"">location endpoint</a> for details.",True,False,False,provider OpenAPI/Swagger,https://hapi.humdata.org/openapi.json,,,,,
HDX Humanitarian API (HAPI),hdx-hapi,get_admin2_api_v2_metadata_admin2_get,GET,/api/v2/metadata/admin2,location_ref,query,string,False,information en lecture seule,information,Filter the response by a location (typically a country) reference number.,True,False,False,provider OpenAPI/Swagger,https://hapi.humdata.org/openapi.json,,,,,
HDX Humanitarian API (HAPI),hdx-hapi,get_admin2_api_v2_metadata_admin2_get,GET,/api/v2/metadata/admin2,name,query,string,False,information en lecture seule,information,"Filter the response by the 2nd subnational administrative divisions. The admin2 names refer to either the <a href=""https://data.humdata.org/dashboards/cod?"">Common Operational Datasets</a> or those provided in the original data source.",True,False,False,provider OpenAPI/Swagger,https://hapi.humdata.org/openapi.json,,,,,
HDX Humanitarian API (HAPI),hdx-hapi,get_admin2_api_v2_metadata_admin2_get,GET,/api/v2/metadata/admin2,offset,query,integer,False,information en lecture seule,information,Number of records to skip in the response. Use in conjunction with the limit parameter to paginate.,True,False,False,provider OpenAPI/Swagger,https://hapi.humdata.org/openapi.json,0,,0,,
HDX Humanitarian API (HAPI),hdx-hapi,get_admin2_api_v2_metadata_admin2_get,GET,/api/v2/metadata/admin2,output_format,query,string,False,information en lecture seule,information,,True,False,False,provider OpenAPI/Swagger,https://hapi.humdata.org/openapi.json,,"['csv', 'json']",,,
HDX Humanitarian API (HAPI),hdx-hapi,get_admin2_api_v2_metadata_admin2_get,GET,/api/v2/metadata/admin2,start_date,query,string,False,information en lecture seule,information,"Filter entries to include rows where the reference period overlaps with or extends beyond this date, e.g. 2020, 2020-01, 2020-01-01 or 2020-01-01T00:00:00",True,False,False,provider OpenAPI/Swagger,https://hapi.humdata.org/openapi.json,,,,,
HDX Humanitarian API (HAPI),hdx-hapi,get_conflict_event_api_v2_coordination_context_conflict_events_get,GET,/api/v2/coordination-context/conflict-events,admin1_code,query,string,False,information en lecture seule,information,"Filter the response by the 1st subnational administrative divisions. The admin1 codes refer to the p-codes in the <a href=""https://data.humdata.org/dashboards/cod?"">Common Operational Datasets</a>. See the <a href=""/docs#/Metadata/get_admin1_api_v1_metadata_admin1_get"" target=""_blank"">admin1 endpoint</a> for details.",True,False,False,provider OpenAPI/Swagger,https://hapi.humdata.org/openapi.json,,,,,
HDX Humanitarian API (HAPI),hdx-hapi,get_conflict_event_api_v2_coordination_context_conflict_events_get,GET,/api/v2/coordination-context/conflict-events,admin1_name,query,string,False,information en lecture seule,information,"Filter the response by the 1st subnational administrative divisions. The admin1 names refer to either the <a href=""https://data.humdata.org/dashboards/cod?"">Common Operational Datasets</a> or those provided in the original data source. See the <a href=""/docs#/Metadata/get_admin1_api_v1_metadata_admin1_get"" target=""_blank"">admin1 endpoint</a> for details.",True,False,False,provider OpenAPI/Swagger,https://hapi.humdata.org/openapi.json,,,,,
HDX Humanitarian API (HAPI),hdx-hapi,get_conflict_event_api_v2_coordination_context_conflict_events_get,GET,/api/v2/coordination-context/conflict-events,admin2_code,query,string,False,information en lecture seule,information,"Filter the response by the 2nd subnational administrative divisions. The admin2 codes refer to the p-codes in the <a href=""https://data.humdata.org/dashboards/cod?"">Common Operational Datasets</a>. See the <a href=""/docs#/Metadata/get_admin2_api_v1_metadata_admin2_get"" target=""_blank"">admin2 endpoint</a> for details.",True,False,False,provider OpenAPI/Swagger,https://hapi.humdata.org/openapi.json,,,,,
HDX Humanitarian API (HAPI),hdx-hapi,get_conflict_event_api_v2_coordination_context_conflict_events_get,GET,/api/v2/coordination-context/conflict-events,admin2_name,query,string,False,information en lecture seule,information,"Filter the response by the 2nd subnational administrative divisions. The admin2 names refer to either the <a href=""https://data.humdata.org/dashboards/cod?"">Common Operational Datasets</a> or those provided in the original data source. See the <a href=""/docs#/Metadata/get_admin2_api_v1_metadata_admin2_get"" target=""_blank"">admin2 endpoint</a> for details.",True,False,False,provider OpenAPI/Swagger,https://hapi.humdata.org/openapi.json,,,,,
HDX Humanitarian API (HAPI),hdx-hapi,get_conflict_event_api_v2_coordination_context_conflict_events_get,GET,/api/v2/coordination-context/conflict-events,admin_level,query,string,False,information en lecture seule,information,Filter the response by admin level.,True,False,False,provider OpenAPI/Swagger,https://hapi.humdata.org/openapi.json,,,,,
HDX Humanitarian API (HAPI),hdx-hapi,get_conflict_event_api_v2_coordination_context_conflict_events_get,GET,/api/v2/coordination-context/conflict-events,app_identifier,query,string,True,information en lecture seule,information,"base64 encoded application name and email, as in `base64(""app_name:email"")`. This value can also be passed in the `X-HDX-HAPI-APP-IDENTIFIER` header. See the *encoded_app_identifier* endpoint.",True,False,False,provider OpenAPI/Swagger,https://hapi.humdata.org/openapi.json,,,,,
HDX Humanitarian API (HAPI),hdx-hapi,get_conflict_event_api_v2_coordination_context_conflict_events_get,GET,/api/v2/coordination-context/conflict-events,end_date,query,string,False,information en lecture seule,information,"Filter entries to include rows where the reference period overlaps with or begins prior to this date, e.g. 2020, 2020-01, 2020-01-01, 2020-01-01 or 2020-01-01T23:59:59",True,False,False,provider OpenAPI/Swagger,https://hapi.humdata.org/openapi.json,,,,,
HDX Humanitarian API (HAPI),hdx-hapi,get_conflict_event_api_v2_coordination_context_conflict_events_get,GET,/api/v2/coordination-context/conflict-events,event_type,query,string,False,information en lecture seule,information,"Filter the response by the ACLED event-type categories (non-mutually exclusive), available values are described <a href=""https://hdx-hapi.readthedocs.io/en/latest/data_usage_guides/enums/#event-type"">here.</a>",True,False,False,provider OpenAPI/Swagger,https://hapi.humdata.org/openapi.json,,,,,
HDX Humanitarian API (HAPI),hdx-hapi,get_conflict_event_api_v2_coordination_context_conflict_events_get,GET,/api/v2/coordination-context/conflict-events,has_hrp,query,string,False,information en lecture seule,information,Filter the response by the has_hrp flag. The has_hrp flag indicates whether a country has a Humanitarian Response Plan.,True,False,False,provider OpenAPI/Swagger,https://hapi.humdata.org/openapi.json,,,,,
HDX Humanitarian API (HAPI),hdx-hapi,get_conflict_event_api_v2_coordination_context_conflict_events_get,GET,/api/v2/coordination-context/conflict-events,in_gho,query,string,False,information en lecture seule,information,"Filter the response by the in_gho flag. The in_gho flag indicates whether a country is in the <a href=""https://humanitarianaction.info/"">Global Humanitarian Overview</a>.",True,False,False,provider OpenAPI/Swagger,https://hapi.humdata.org/openapi.json,,,,,
HDX Humanitarian API (HAPI),hdx-hapi,get_conflict_event_api_v2_coordination_context_conflict_events_get,GET,/api/v2/coordination-context/conflict-events,limit,query,integer,False,information en lecture seule,information,"Maximum number of records to return. The system will not return more than 10,000 records.",True,False,False,provider OpenAPI/Swagger,https://hapi.humdata.org/openapi.json,10000,,0,10000,
HDX Humanitarian API (HAPI),hdx-hapi,get_conflict_event_api_v2_coordination_context_conflict_events_get,GET,/api/v2/coordination-context/conflict-events,location_code,query,string,False,information en lecture seule,information,"Filter the response by a location (typically a country). The location codes use the ISO-3 (ISO 3166 alpha-3) codes. See the <a href=""/docs#/Metadata/get_locations_api_v1_metadata_location_get"" target=""_blank"">location endpoint</a> for details.",True,False,False,provider OpenAPI/Swagger,https://hapi.humdata.org/openapi.json,,,,,
HDX Humanitarian API (HAPI),hdx-hapi,get_conflict_event_api_v2_coordination_context_conflict_events_get,GET,/api/v2/coordination-context/conflict-events,location_name,query,string,False,information en lecture seule,information,"Filter the response by a location (typically a country). The location names are based on the ""short name"" from the <a href=""https://unstats.un.org/unsd/methodology/m49/#fn2"">UN M49 Standard</a>. See the <a href=""/docs#/Metadata/get_locations_api_v1_metadata_location_get"" target=""_blank"">location endpoint</a> for details.",True,False,False,provider OpenAPI/Swagger,https://hapi.humdata.org/openapi.json,,,,,
HDX Humanitarian API (HAPI),hdx-hapi,get_conflict_event_api_v2_coordination_context_conflict_events_get,GET,/api/v2/coordination-context/conflict-events,offset,query,integer,False,information en lecture seule,information,Number of records to skip in the response. Use in conjunction with the limit parameter to paginate.,True,False,False,provider OpenAPI/Swagger,https://hapi.humdata.org/openapi.json,0,,0,,
HDX Humanitarian API (HAPI),hdx-hapi,get_conflict_event_api_v2_coordination_context_conflict_events_get,GET,/api/v2/coordination-context/conflict-events,output_format,query,string,False,information en lecture seule,information,,True,False,False,provider OpenAPI/Swagger,https://hapi.humdata.org/openapi.json,,"['csv', 'json']",,,
HDX Humanitarian API (HAPI),hdx-hapi,get_conflict_event_api_v2_coordination_context_conflict_events_get,GET,/api/v2/coordination-context/conflict-events,start_date,query,string,False,information en lecture seule,information,"Filter entries to include rows where the reference period overlaps with or extends beyond this date, e.g. 2020, 2020-01, 2020-01-01 or 2020-01-01T00:00:00",True,False,False,provider OpenAPI/Swagger,https://hapi.humdata.org/openapi.json,,,,,
HDX Humanitarian API (HAPI),hdx-hapi,get_currency_api_v2_metadata_currency_get,GET,/api/v2/metadata/currency,app_identifier,query,string,True,information en lecture seule,information,"base64 encoded application name and email, as in `base64(""app_name:email"")`. This value can also be passed in the `X-HDX-HAPI-APP-IDENTIFIER` header. See the *encoded_app_identifier* endpoint.",True,False,False,provider OpenAPI/Swagger,https://hapi.humdata.org/openapi.json,,,,,
HDX Humanitarian API (HAPI),hdx-hapi,get_currency_api_v2_metadata_currency_get,GET,/api/v2/metadata/currency,code,query,string,False,information en lecture seule,information,Filter the response by the currency code.,True,False,False,provider OpenAPI/Swagger,https://hapi.humdata.org/openapi.json,,,,,
HDX Humanitarian API (HAPI),hdx-hapi,get_currency_api_v2_metadata_currency_get,GET,/api/v2/metadata/currency,limit,query,integer,False,information en lecture seule,information,"Maximum number of records to return. The system will not return more than 10,000 records.",True,False,False,provider OpenAPI/Swagger,https://hapi.humdata.org/openapi.json,10000,,0,10000,
HDX Humanitarian API (HAPI),hdx-hapi,get_currency_api_v2_metadata_currency_get,GET,/api/v2/metadata/currency,offset,query,integer,False,information en lecture seule,information,Number of records to skip in the response. Use in conjunction with the limit parameter to paginate.,True,False,False,provider OpenAPI/Swagger,https://hapi.humdata.org/openapi.json,0,,0,,
HDX Humanitarian API (HAPI),hdx-hapi,get_currency_api_v2_metadata_currency_get,GET,/api/v2/metadata/currency,output_format,query,string,False,information en lecture seule,information,,True,False,False,provider OpenAPI/Swagger,https://hapi.humdata.org/openapi.json,,"['csv', 'json']",,,
HDX Humanitarian API (HAPI),hdx-hapi,get_data_availability_api_v2_metadata_data_availability_get,GET,/api/v2/metadata/data-availability,admin1_code,query,string,False,information en lecture seule,information,"Filter the response by the 1st subnational administrative divisions. The admin1 codes refer to the p-codes in the <a href=""https://data.humdata.org/dashboards/cod?"">Common Operational Datasets</a>. See the <a href=""/docs#/Metadata/get_admin1_api_v1_metadata_admin1_get"" target=""_blank"">admin1 endpoint</a> for details.",True,False,False,provider OpenAPI/Swagger,https://hapi.humdata.org/openapi.json,,,,,
HDX Humanitarian API (HAPI),hdx-hapi,get_data_availability_api_v2_metadata_data_availability_get,GET,/api/v2/metadata/data-availability,admin1_name,query,string,False,information en lecture seule,information,"Filter the response by the 1st subnational administrative divisions. The admin1 names refer to either the <a href=""https://data.humdata.org/dashboards/cod?"">Common Operational Datasets</a> or those provided in the original data source. See the <a href=""/docs#/Metadata/get_admin1_api_v1_metadata_admin1_get"" target=""_blank"">admin1 endpoint</a> for details.",True,False,False,provider OpenAPI/Swagger,https://hapi.humdata.org/openapi.json,,,,,
HDX Humanitarian API (HAPI),hdx-hapi,get_data_availability_api_v2_metadata_data_availability_get,GET,/api/v2/metadata/data-availability,admin2_code,query,string,False,information en lecture seule,information,"Filter the response by the 2nd subnational administrative divisions. The admin2 codes refer to the p-codes in the <a href=""https://data.humdata.org/dashboards/cod?"">Common Operational Datasets</a>. See the <a href=""/docs#/Metadata/get_admin2_api_v1_metadata_admin2_get"" target=""_blank"">admin2 endpoint</a> for details.",True,False,False,provider OpenAPI/Swagger,https://hapi.humdata.org/openapi.json,,,,,
HDX Humanitarian API (HAPI),hdx-hapi,get_data_availability_api_v2_metadata_data_availability_get,GET,/api/v2/metadata/data-availability,admin2_name,query,string,False,information en lecture seule,information,"Filter the response by the 2nd subnational administrative divisions. The admin2 names refer to either the <a href=""https://data.humdata.org/dashboards/cod?"">Common Operational Datasets</a> or those provided in the original data source. See the <a href=""/docs#/Metadata/get_admin2_api_v1_metadata_admin2_get"" target=""_blank"">admin2 endpoint</a> for details.",True,False,False,provider OpenAPI/Swagger,https://hapi.humdata.org/openapi.json,,,,,
HDX Humanitarian API (HAPI),hdx-hapi,get_data_availability_api_v2_metadata_data_availability_get,GET,/api/v2/metadata/data-availability,admin_level,query,string,False,information en lecture seule,information,Filter the response by admin level.,True,False,False,provider OpenAPI/Swagger,https://hapi.humdata.org/openapi.json,,,,,
HDX Humanitarian API (HAPI),hdx-hapi,get_data_availability_api_v2_metadata_data_availability_get,GET,/api/v2/metadata/data-availability,app_identifier,query,string,True,information en lecture seule,information,"base64 encoded application name and email, as in `base64(""app_name:email"")`. This value can also be passed in the `X-HDX-HAPI-APP-IDENTIFIER` header. See the *encoded_app_identifier* endpoint.",True,False,False,provider OpenAPI/Swagger,https://hapi.humdata.org/openapi.json,,,,,
HDX Humanitarian API (HAPI),hdx-hapi,get_data_availability_api_v2_metadata_data_availability_get,GET,/api/v2/metadata/data-availability,category,query,string,False,information en lecture seule,information,Filter the response by a data category,True,False,False,provider OpenAPI/Swagger,https://hapi.humdata.org/openapi.json,,,,,
HDX Humanitarian API (HAPI),hdx-hapi,get_data_availability_api_v2_metadata_data_availability_get,GET,/api/v2/metadata/data-availability,hapi_updated_date_max,query,string,False,information en lecture seule,information,"Maximum date that datasets was last updated, e.g. 2020-01-01 or 2020-01-01T00:00:00",True,False,False,provider OpenAPI/Swagger,https://hapi.humdata.org/openapi.json,,,,,
HDX Humanitarian API (HAPI),hdx-hapi,get_data_availability_api_v2_metadata_data_availability_get,GET,/api/v2/metadata/data-availability,hapi_updated_date_min,query,string,False,information en lecture seule,information,"Minimum date that datasets was last updated, e.g. 2020-01-01 or 2020-01-01T00:00:00",True,False,False,provider OpenAPI/Swagger,https://hapi.humdata.org/openapi.json,,,,,
HDX Humanitarian API (HAPI),hdx-hapi,get_data_availability_api_v2_metadata_data_availability_get,GET,/api/v2/metadata/data-availability,limit,query,integer,False,information en lecture seule,information,"Maximum number of records to return. The system will not return more than 10,000 records.",True,False,False,provider OpenAPI/Swagger,https://hapi.humdata.org/openapi.json,10000,,0,10000,
HDX Humanitarian API (HAPI),hdx-hapi,get_data_availability_api_v2_metadata_data_availability_get,GET,/api/v2/metadata/data-availability,location_code,query,string,False,information en lecture seule,information,"Filter the response by a location (typically a country). The location codes use the ISO-3 (ISO 3166 alpha-3) codes. See the <a href=""/docs#/Metadata/get_locations_api_v1_metadata_location_get"" target=""_blank"">location endpoint</a> for details.",True,False,False,provider OpenAPI/Swagger,https://hapi.humdata.org/openapi.json,,,,,
HDX Humanitarian API (HAPI),hdx-hapi,get_data_availability_api_v2_metadata_data_availability_get,GET,/api/v2/metadata/data-availability,location_name,query,string,False,information en lecture seule,information,"Filter the response by a location (typically a country). The location names are based on the ""short name"" from the <a href=""https://unstats.un.org/unsd/methodology/m49/#fn2"">UN M49 Standard</a>. See the <a href=""/docs#/Metadata/get_locations_api_v1_metadata_location_get"" target=""_blank"">location endpoint</a> for details.",True,False,False,provider OpenAPI/Swagger,https://hapi.humdata.org/openapi.json,,,,,
HDX Humanitarian API (HAPI),hdx-hapi,get_data_availability_api_v2_metadata_data_availability_get,GET,/api/v2/metadata/data-availability,offset,query,integer,False,information en lecture seule,information,Number of records to skip in the response. Use in conjunction with the limit parameter to paginate.,True,False,False,provider OpenAPI/Swagger,https://hapi.humdata.org/openapi.json,0,,0,,
HDX Humanitarian API (HAPI),hdx-hapi,get_data_availability_api_v2_metadata_data_availability_get,GET,/api/v2/metadata/data-availability,output_format,query,string,False,information en lecture seule,information,,True,False,False,provider OpenAPI/Swagger,https://hapi.humdata.org/openapi.json,,"['csv', 'json']",,,
HDX Humanitarian API (HAPI),hdx-hapi,get_data_availability_api_v2_metadata_data_availability_get,GET,/api/v2/metadata/data-availability,subcategory,query,string,False,information en lecture seule,information,Filter the response by a data subcategory,True,False,False,provider OpenAPI/Swagger,https://hapi.humdata.org/openapi.json,,,,,
HDX Humanitarian API (HAPI),hdx-hapi,get_dataset_api_v2_metadata_dataset_get,GET,/api/v2/metadata/dataset,app_identifier,query,string,True,information en lecture seule,information,"base64 encoded application name and email, as in `base64(""app_name:email"")`. This value can also be passed in the `X-HDX-HAPI-APP-IDENTIFIER` header. See the *encoded_app_identifier* endpoint.",True,False,False,provider OpenAPI/Swagger,https://hapi.humdata.org/openapi.json,,,,,
HDX Humanitarian API (HAPI),hdx-hapi,get_dataset_api_v2_metadata_dataset_get,GET,/api/v2/metadata/dataset,dataset_hdx_id,query,string,False,information en lecture seule,information,"Filter the response by the dataset ID (dataset_hdx_id), which is a unique and fixed identifier of a Dataset on HDX. A URL in the pattern of `https://data.humdata.org/dataset/[dataset_hdx_id]` will load the dataset page on HDX.",True,False,False,provider OpenAPI/Swagger,https://hapi.humdata.org/openapi.json,,,,,
HDX Humanitarian API (HAPI),hdx-hapi,get_dataset_api_v2_metadata_dataset_get,GET,/api/v2/metadata/dataset,dataset_hdx_stub,query,string,False,information en lecture seule,information,Filter the response by the URL-safe name (dataset_hdx_stub) of the dataset as displayed on HDX. This name is unique but can change. A URL in the pattern of `https://data.humdata.org/dataset/[dataset_hdx_stub]` will load the dataset page on HDX.,True,False,False,provider OpenAPI/Swagger,https://hapi.humdata.org/openapi.json,,,,,
HDX Humanitarian API (HAPI),hdx-hapi,get_dataset_api_v2_metadata_dataset_get,GET,/api/v2/metadata/dataset,dataset_hdx_title,query,string,False,information en lecture seule,information,Filter the response by the title of the dataset as it appears in the HDX interface. This name is not unique and can change.,True,False,False,provider OpenAPI/Swagger,https://hapi.humdata.org/openapi.json,,,,,
HDX Humanitarian API (HAPI),hdx-hapi,get_dataset_api_v2_metadata_dataset_get,GET,/api/v2/metadata/dataset,hdx_provider_name,query,string,False,information en lecture seule,information,Filter the response by the display name of the provider (organization) of the dataset on HDX.,True,False,False,provider OpenAPI/Swagger,https://hapi.humdata.org/openapi.json,,,,,
HDX Humanitarian API (HAPI),hdx-hapi,get_dataset_api_v2_metadata_dataset_get,GET,/api/v2/metadata/dataset,hdx_provider_stub,query,string,False,information en lecture seule,information,Filter the response by the URL-safe name of the provider (organization) of the dataset on HDX. A URL in the pattern of `https://data.humdata.org/organization/[hdx_provider_stub]` will load the provider's page on HDX.,True,False,False,provider OpenAPI/Swagger,https://hapi.humdata.org/openapi.json,,,,,
HDX Humanitarian API (HAPI),hdx-hapi,get_dataset_api_v2_metadata_dataset_get,GET,/api/v2/metadata/dataset,limit,query,integer,False,information en lecture seule,information,"Maximum number of records to return. The system will not return more than 10,000 records.",True,False,False,provider OpenAPI/Swagger,https://hapi.humdata.org/openapi.json,10000,,0,10000,
HDX Humanitarian API (HAPI),hdx-hapi,get_dataset_api_v2_metadata_dataset_get,GET,/api/v2/metadata/dataset,offset,query,integer,False,information en lecture seule,information,Number of records to skip in the response. Use in conjunction with the limit parameter to paginate.,True,False,False,provider OpenAPI/Swagger,https://hapi.humdata.org/openapi.json,0,,0,,
HDX Humanitarian API (HAPI),hdx-hapi,get_dataset_api_v2_metadata_dataset_get,GET,/api/v2/metadata/dataset,output_format,query,string,False,information en lecture seule,information,,True,False,False,provider OpenAPI/Swagger,https://hapi.humdata.org/openapi.json,,"['csv', 'json']",,,
HDX Humanitarian API (HAPI),hdx-hapi,get_encoded_identifier_api_v2_encode_app_identifier_get,GET,/api/v2/encode_app_identifier,application,query,string,True,information en lecture seule,information,A name for the calling application.,True,False,False,provider OpenAPI/Swagger,https://hapi.humdata.org/openapi.json,,,,,
HDX Humanitarian API (HAPI),hdx-hapi,get_encoded_identifier_api_v2_encode_app_identifier_get,GET,/api/v2/encode_app_identifier,email,query,string,True,information en lecture seule,information,An email address.,True,False,False,provider OpenAPI/Swagger,https://hapi.humdata.org/openapi.json,,,,,
HDX Humanitarian API (HAPI),hdx-hapi,get_food_price_api_v2_food_security_nutrition_poverty_food_prices_market_monitor_get,GET,/api/v2/food-security-nutrition-poverty/food-prices-market-monitor,admin1_code,query,string,False,information en lecture seule,information,"Filter the response by the 1st subnational administrative divisions. The admin1 codes refer to the p-codes in the <a href=""https://data.humdata.org/dashboards/cod?"">Common Operational Datasets</a>. See the <a href=""/docs#/Metadata/get_admin1_api_v1_metadata_admin1_get"" target=""_blank"">admin1 endpoint</a> for details.",True,False,False,provider OpenAPI/Swagger,https://hapi.humdata.org/openapi.json,,,,,
HDX Humanitarian API (HAPI),hdx-hapi,get_food_price_api_v2_food_security_nutrition_poverty_food_prices_market_monitor_get,GET,/api/v2/food-security-nutrition-poverty/food-prices-market-monitor,admin1_name,query,string,False,information en lecture seule,information,"Filter the response by the 1st subnational administrative divisions. The admin1 names refer to either the <a href=""https://data.humdata.org/dashboards/cod?"">Common Operational Datasets</a> or those provided in the original data source. See the <a href=""/docs#/Metadata/get_admin1_api_v1_metadata_admin1_get"" target=""_blank"">admin1 endpoint</a> for details.",True,False,False,provider OpenAPI/Swagger,https://hapi.humdata.org/openapi.json,,,,,
HDX Humanitarian API (HAPI),hdx-hapi,get_food_price_api_v2_food_security_nutrition_poverty_food_prices_market_monitor_get,GET,/api/v2/food-security-nutrition-poverty/food-prices-market-monitor,admin2_code,query,string,False,information en lecture seule,information,"Filter the response by the 2nd subnational administrative divisions. The admin2 codes refer to the p-codes in the <a href=""https://data.humdata.org/dashboards/cod?"">Common Operational Datasets</a>. See the <a href=""/docs#/Metadata/get_admin2_api_v1_metadata_admin2_get"" target=""_blank"">admin2 endpoint</a> for details.",True,False,False,provider OpenAPI/Swagger,https://hapi.humdata.org/openapi.json,,,,,
HDX Humanitarian API (HAPI),hdx-hapi,get_food_price_api_v2_food_security_nutrition_poverty_food_prices_market_monitor_get,GET,/api/v2/food-security-nutrition-poverty/food-prices-market-monitor,admin2_name,query,string,False,information en lecture seule,information,"Filter the response by the 2nd subnational administrative divisions. The admin2 names refer to either the <a href=""https://data.humdata.org/dashboards/cod?"">Common Operational Datasets</a> or those provided in the original data source. See the <a href=""/docs#/Metadata/get_admin2_api_v1_metadata_admin2_get"" target=""_blank"">admin2 endpoint</a> for details.",True,False,False,provider OpenAPI/Swagger,https://hapi.humdata.org/openapi.json,,,,,
HDX Humanitarian API (HAPI),hdx-hapi,get_food_price_api_v2_food_security_nutrition_poverty_food_prices_market_monitor_get,GET,/api/v2/food-security-nutrition-poverty/food-prices-market-monitor,admin_level,query,string,False,information en lecture seule,information,Filter the response by admin level.,True,False,False,provider OpenAPI/Swagger,https://hapi.humdata.org/openapi.json,,,,,
HDX Humanitarian API (HAPI),hdx-hapi,get_food_price_api_v2_food_security_nutrition_poverty_food_prices_market_monitor_get,GET,/api/v2/food-security-nutrition-poverty/food-prices-market-monitor,app_identifier,query,string,True,information en lecture seule,information,"base64 encoded application name and email, as in `base64(""app_name:email"")`. This value can also be passed in the `X-HDX-HAPI-APP-IDENTIFIER` header. See the *encoded_app_identifier* endpoint.",True,False,False,provider OpenAPI/Swagger,https://hapi.humdata.org/openapi.json,,,,,
HDX Humanitarian API (HAPI),hdx-hapi,get_food_price_api_v2_food_security_nutrition_poverty_food_prices_market_monitor_get,GET,/api/v2/food-security-nutrition-poverty/food-prices-market-monitor,commodity_category,query,string,False,information en lecture seule,information,"Filter the response by the food group that the commodity belongs to, available values are described <a href=""https://hdx-hapi.readthedocs.io/en/latest/data_usage_guides/enums/#commodity-category"">here.</a>",True,False,False,provider OpenAPI/Swagger,https://hapi.humdata.org/openapi.json,,,,,
HDX Humanitarian API (HAPI),hdx-hapi,get_food_price_api_v2_food_security_nutrition_poverty_food_prices_market_monitor_get,GET,/api/v2/food-security-nutrition-poverty/food-prices-market-monitor,commodity_code,query,string,False,information en lecture seule,information,Filter the response by the unique code identifying the commodity,True,False,False,provider OpenAPI/Swagger,https://hapi.humdata.org/openapi.json,,,,,
HDX Humanitarian API (HAPI),hdx-hapi,get_food_price_api_v2_food_security_nutrition_poverty_food_prices_market_monitor_get,GET,/api/v2/food-security-nutrition-poverty/food-prices-market-monitor,commodity_name,query,string,False,information en lecture seule,information,Filter the response by the name of the commodity,True,False,False,provider OpenAPI/Swagger,https://hapi.humdata.org/openapi.json,,,,,
HDX Humanitarian API (HAPI),hdx-hapi,get_food_price_api_v2_food_security_nutrition_poverty_food_prices_market_monitor_get,GET,/api/v2/food-security-nutrition-poverty/food-prices-market-monitor,end_date,query,string,False,information en lecture seule,information,"Filter entries to include rows where the reference period overlaps with or begins prior to this date, e.g. 2020, 2020-01, 2020-01-01, 2020-01-01 or 2020-01-01T23:59:59",True,False,False,provider OpenAPI/Swagger,https://hapi.humdata.org/openapi.json,,,,,
HDX Humanitarian API (HAPI),hdx-hapi,get_food_price_api_v2_food_security_nutrition_poverty_food_prices_market_monitor_get,GET,/api/v2/food-security-nutrition-poverty/food-prices-market-monitor,has_hrp,query,string,False,information en lecture seule,information,Filter the response by the has_hrp flag. The has_hrp flag indicates whether a country has a Humanitarian Response Plan.,True,False,False,provider OpenAPI/Swagger,https://hapi.humdata.org/openapi.json,,,,,
HDX Humanitarian API (HAPI),hdx-hapi,get_food_price_api_v2_food_security_nutrition_poverty_food_prices_market_monitor_get,GET,/api/v2/food-security-nutrition-poverty/food-prices-market-monitor,in_gho,query,string,False,information en lecture seule,information,"Filter the response by the in_gho flag. The in_gho flag indicates whether a country is in the <a href=""https://humanitarianaction.info/"">Global Humanitarian Overview</a>.",True,False,False,provider OpenAPI/Swagger,https://hapi.humdata.org/openapi.json,,,,,
HDX Humanitarian API (HAPI),hdx-hapi,get_food_price_api_v2_food_security_nutrition_poverty_food_prices_market_monitor_get,GET,/api/v2/food-security-nutrition-poverty/food-prices-market-monitor,limit,query,integer,False,information en lecture seule,information,"Maximum number of records to return. The system will not return more than 10,000 records.",True,False,False,provider OpenAPI/Swagger,https://hapi.humdata.org/openapi.json,10000,,0,10000,
HDX Humanitarian API (HAPI),hdx-hapi,get_food_price_api_v2_food_security_nutrition_poverty_food_prices_market_monitor_get,GET,/api/v2/food-security-nutrition-poverty/food-prices-market-monitor,location_code,query,string,False,information en lecture seule,information,"Filter the response by a location (typically a country). The location codes use the ISO-3 (ISO 3166 alpha-3) codes. See the <a href=""/docs#/Metadata/get_locations_api_v1_metadata_location_get"" target=""_blank"">location endpoint</a> for details.",True,False,False,provider OpenAPI/Swagger,https://hapi.humdata.org/openapi.json,,,,,
HDX Humanitarian API (HAPI),hdx-hapi,get_food_price_api_v2_food_security_nutrition_poverty_food_prices_market_monitor_get,GET,/api/v2/food-security-nutrition-poverty/food-prices-market-monitor,location_name,query,string,False,information en lecture seule,information,"Filter the response by a location (typically a country). The location names are based on the ""short name"" from the <a href=""https://unstats.un.org/unsd/methodology/m49/#fn2"">UN M49 Standard</a>. See the <a href=""/docs#/Metadata/get_locations_api_v1_metadata_location_get"" target=""_blank"">location endpoint</a> for details.",True,False,False,provider OpenAPI/Swagger,https://hapi.humdata.org/openapi.json,,,,,
HDX Humanitarian API (HAPI),hdx-hapi,get_food_price_api_v2_food_security_nutrition_poverty_food_prices_market_monitor_get,GET,/api/v2/food-security-nutrition-poverty/food-prices-market-monitor,market_code,query,string,False,information en lecture seule,information,Filter the response by the unique code identifying the market,True,False,False,provider OpenAPI/Swagger,https://hapi.humdata.org/openapi.json,,,,,
HDX Humanitarian API (HAPI),hdx-hapi,get_food_price_api_v2_food_security_nutrition_poverty_food_prices_market_monitor_get,GET,/api/v2/food-security-nutrition-poverty/food-prices-market-monitor,market_name,query,string,False,information en lecture seule,information,Filter the response by the name of the market,True,False,False,provider OpenAPI/Swagger,https://hapi.humdata.org/openapi.json,,,,,
HDX Humanitarian API (HAPI),hdx-hapi,get_food_price_api_v2_food_security_nutrition_poverty_food_prices_market_monitor_get,GET,/api/v2/food-security-nutrition-poverty/food-prices-market-monitor,offset,query,integer,False,information en lecture seule,information,Number of records to skip in the response. Use in conjunction with the limit parameter to paginate.,True,False,False,provider OpenAPI/Swagger,https://hapi.humdata.org/openapi.json,0,,0,,
HDX Humanitarian API (HAPI),hdx-hapi,get_food_price_api_v2_food_security_nutrition_poverty_food_prices_market_monitor_get,GET,/api/v2/food-security-nutrition-poverty/food-prices-market-monitor,output_format,query,string,False,information en lecture seule,information,,True,False,False,provider OpenAPI/Swagger,https://hapi.humdata.org/openapi.json,,"['csv', 'json']",,,
HDX Humanitarian API (HAPI),hdx-hapi,get_food_price_api_v2_food_security_nutrition_poverty_food_prices_market_monitor_get,GET,/api/v2/food-security-nutrition-poverty/food-prices-market-monitor,price_flag,query,string,False,information en lecture seule,information,"Filter the response by the pre-processing characteristics of food prices, available values are described <a href=""https://hdx-hapi.readthedocs.io/en/latest/data_usage_guides/enums/#price-flag"">here.</a>",True,False,False,provider OpenAPI/Swagger,https://hapi.humdata.org/openapi.json,,,,,
HDX Humanitarian API (HAPI),hdx-hapi,get_food_price_api_v2_food_security_nutrition_poverty_food_prices_market_monitor_get,GET,/api/v2/food-security-nutrition-poverty/food-prices-market-monitor,price_max,query,string,False,information en lecture seule,information,Filter the response by a upper bound for the price.,True,False,False,provider OpenAPI/Swagger,https://hapi.humdata.org/openapi.json,,,,,
HDX Humanitarian API (HAPI),hdx-hapi,get_food_price_api_v2_food_security_nutrition_poverty_food_prices_market_monitor_get,GET,/api/v2/food-security-nutrition-poverty/food-prices-market-monitor,price_min,query,string,False,information en lecture seule,information,Filter the response by a lower bound for the price.,True,False,False,provider OpenAPI/Swagger,https://hapi.humdata.org/openapi.json,,,,,
HDX Humanitarian API (HAPI),hdx-hapi,get_food_price_api_v2_food_security_nutrition_poverty_food_prices_market_monitor_get,GET,/api/v2/food-security-nutrition-poverty/food-prices-market-monitor,price_type,query,string,False,information en lecture seule,information,"Filter the response by the point in the supply chain at which the price is determined, available values are described <a href=""https://hdx-hapi.readthedocs.io/en/latest/data_usage_guides/enums/#price-type"">here.</a>",True,False,False,provider OpenAPI/Swagger,https://hapi.humdata.org/openapi.json,,,,,
HDX Humanitarian API (HAPI),hdx-hapi,get_food_price_api_v2_food_security_nutrition_poverty_food_prices_market_monitor_get,GET,/api/v2/food-security-nutrition-poverty/food-prices-market-monitor,start_date,query,string,False,information en lecture seule,information,"Filter entries to include rows where the reference period overlaps with or extends beyond this date, e.g. 2020, 2020-01, 2020-01-01 or 2020-01-01T00:00:00",True,False,False,provider OpenAPI/Swagger,https://hapi.humdata.org/openapi.json,,,,,
HDX Humanitarian API (HAPI),hdx-hapi,get_food_security_api_v2_food_security_nutrition_poverty_food_security_get,GET,/api/v2/food-security-nutrition-poverty/food-security,admin1_code,query,string,False,information en lecture seule,information,"Filter the response by the 1st subnational administrative divisions. The admin1 codes refer to the p-codes in the <a href=""https://data.humdata.org/dashboards/cod?"">Common Operational Datasets</a>. See the <a href=""/docs#/Metadata/get_admin1_api_v1_metadata_admin1_get"" target=""_blank"">admin1 endpoint</a> for details.",True,False,False,provider OpenAPI/Swagger,https://hapi.humdata.org/openapi.json,,,,,
HDX Humanitarian API (HAPI),hdx-hapi,get_food_security_api_v2_food_security_nutrition_poverty_food_security_get,GET,/api/v2/food-security-nutrition-poverty/food-security,admin1_name,query,string,False,information en lecture seule,information,"Filter the response by the 1st subnational administrative divisions. The admin1 names refer to either the <a href=""https://data.humdata.org/dashboards/cod?"">Common Operational Datasets</a> or those provided in the original data source. See the <a href=""/docs#/Metadata/get_admin1_api_v1_metadata_admin1_get"" target=""_blank"">admin1 endpoint</a> for details.",True,False,False,provider OpenAPI/Swagger,https://hapi.humdata.org/openapi.json,,,,,
HDX Humanitarian API (HAPI),hdx-hapi,get_food_security_api_v2_food_security_nutrition_poverty_food_security_get,GET,/api/v2/food-security-nutrition-poverty/food-security,admin2_code,query,string,False,information en lecture seule,information,"Filter the response by the 2nd subnational administrative divisions. The admin2 codes refer to the p-codes in the <a href=""https://data.humdata.org/dashboards/cod?"">Common Operational Datasets</a>. See the <a href=""/docs#/Metadata/get_admin2_api_v1_metadata_admin2_get"" target=""_blank"">admin2 endpoint</a> for details.",True,False,False,provider OpenAPI/Swagger,https://hapi.humdata.org/openapi.json,,,,,
HDX Humanitarian API (HAPI),hdx-hapi,get_food_security_api_v2_food_security_nutrition_poverty_food_security_get,GET,/api/v2/food-security-nutrition-poverty/food-security,admin2_name,query,string,False,information en lecture seule,information,"Filter the response by the 2nd subnational administrative divisions. The admin2 names refer to either the <a href=""https://data.humdata.org/dashboards/cod?"">Common Operational Datasets</a> or those provided in the original data source. See the <a href=""/docs#/Metadata/get_admin2_api_v1_metadata_admin2_get"" target=""_blank"">admin2 endpoint</a> for details.",True,False,False,provider OpenAPI/Swagger,https://hapi.humdata.org/openapi.json,,,,,
HDX Humanitarian API (HAPI),hdx-hapi,get_food_security_api_v2_food_security_nutrition_poverty_food_security_get,GET,/api/v2/food-security-nutrition-poverty/food-security,admin_level,query,string,False,information en lecture seule,information,Filter the response by admin level.,True,False,False,provider OpenAPI/Swagger,https://hapi.humdata.org/openapi.json,,,,,
HDX Humanitarian API (HAPI),hdx-hapi,get_food_security_api_v2_food_security_nutrition_poverty_food_security_get,GET,/api/v2/food-security-nutrition-poverty/food-security,app_identifier,query,string,True,information en lecture seule,information,"base64 encoded application name and email, as in `base64(""app_name:email"")`. This value can also be passed in the `X-HDX-HAPI-APP-IDENTIFIER` header. See the *encoded_app_identifier* endpoint.",True,False,False,provider OpenAPI/Swagger,https://hapi.humdata.org/openapi.json,,,,,
HDX Humanitarian API (HAPI),hdx-hapi,get_food_security_api_v2_food_security_nutrition_poverty_food_security_get,GET,/api/v2/food-security-nutrition-poverty/food-security,end_date,query,string,False,information en lecture seule,information,"Filter entries to include rows where the reference period overlaps with or begins prior to this date, e.g. 2020, 2020-01, 2020-01-01, 2020-01-01 or 2020-01-01T23:59:59",True,False,False,provider OpenAPI/Swagger,https://hapi.humdata.org/openapi.json,,,,,
HDX Humanitarian API (HAPI),hdx-hapi,get_food_security_api_v2_food_security_nutrition_poverty_food_security_get,GET,/api/v2/food-security-nutrition-poverty/food-security,has_hrp,query,string,False,information en lecture seule,information,Filter the response by the has_hrp flag. The has_hrp flag indicates whether a country has a Humanitarian Response Plan.,True,False,False,provider OpenAPI/Swagger,https://hapi.humdata.org/openapi.json,,,,,
HDX Humanitarian API (HAPI),hdx-hapi,get_food_security_api_v2_food_security_nutrition_poverty_food_security_get,GET,/api/v2/food-security-nutrition-poverty/food-security,in_gho,query,string,False,information en lecture seule,information,"Filter the response by the in_gho flag. The in_gho flag indicates whether a country is in the <a href=""https://humanitarianaction.info/"">Global Humanitarian Overview</a>.",True,False,False,provider OpenAPI/Swagger,https://hapi.humdata.org/openapi.json,,,,,
HDX Humanitarian API (HAPI),hdx-hapi,get_food_security_api_v2_food_security_nutrition_poverty_food_security_get,GET,/api/v2/food-security-nutrition-poverty/food-security,ipc_phase,query,string,False,information en lecture seule,information,"Filter the response by the IPC phase, available values are described <a href=""https://hdx-hapi.readthedocs.io/en/latest/data_usage_guides/enums/#ipc-code"">here.</a>",True,False,False,provider OpenAPI/Swagger,https://hapi.humdata.org/openapi.json,,,,,
HDX Humanitarian API (HAPI),hdx-hapi,get_food_security_api_v2_food_security_nutrition_poverty_food_security_get,GET,/api/v2/food-security-nutrition-poverty/food-security,ipc_type,query,string,False,information en lecture seule,information,"Filter the response by the IPC type, available values are described <a href=""https://hdx-hapi.readthedocs.io/en/latest/data_usage_guides/enums/#ipc-type"">here.</a>",True,False,False,provider OpenAPI/Swagger,https://hapi.humdata.org/openapi.json,,,,,
HDX Humanitarian API (HAPI),hdx-hapi,get_food_security_api_v2_food_security_nutrition_poverty_food_security_get,GET,/api/v2/food-security-nutrition-poverty/food-security,limit,query,integer,False,information en lecture seule,information,"Maximum number of records to return. The system will not return more than 10,000 records.",True,False,False,provider OpenAPI/Swagger,https://hapi.humdata.org/openapi.json,10000,,0,10000,
HDX Humanitarian API (HAPI),hdx-hapi,get_food_security_api_v2_food_security_nutrition_poverty_food_security_get,GET,/api/v2/food-security-nutrition-poverty/food-security,location_code,query,string,False,information en lecture seule,information,"Filter the response by a location (typically a country). The location codes use the ISO-3 (ISO 3166 alpha-3) codes. See the <a href=""/docs#/Metadata/get_locations_api_v1_metadata_location_get"" target=""_blank"">location endpoint</a> for details.",True,False,False,provider OpenAPI/Swagger,https://hapi.humdata.org/openapi.json,,,,,
HDX Humanitarian API (HAPI),hdx-hapi,get_food_security_api_v2_food_security_nutrition_poverty_food_security_get,GET,/api/v2/food-security-nutrition-poverty/food-security,location_name,query,string,False,information en lecture seule,information,"Filter the response by a location (typically a country). The location names are based on the ""short name"" from the <a href=""https://unstats.un.org/unsd/methodology/m49/#fn2"">UN M49 Standard</a>. See the <a href=""/docs#/Metadata/get_locations_api_v1_metadata_location_get"" target=""_blank"">location endpoint</a> for details.",True,False,False,provider OpenAPI/Swagger,https://hapi.humdata.org/openapi.json,,,,,
HDX Humanitarian API (HAPI),hdx-hapi,get_food_security_api_v2_food_security_nutrition_poverty_food_security_get,GET,/api/v2/food-security-nutrition-poverty/food-security,offset,query,integer,False,information en lecture seule,information,Number of records to skip in the response. Use in conjunction with the limit parameter to paginate.,True,False,False,provider OpenAPI/Swagger,https://hapi.humdata.org/openapi.json,0,,0,,
HDX Humanitarian API (HAPI),hdx-hapi,get_food_security_api_v2_food_security_nutrition_poverty_food_security_get,GET,/api/v2/food-security-nutrition-poverty/food-security,output_format,query,string,False,information en lecture seule,information,,True,False,False,provider OpenAPI/Swagger,https://hapi.humdata.org/openapi.json,,"['csv', 'json']",,,
HDX Humanitarian API (HAPI),hdx-hapi,get_food_security_api_v2_food_security_nutrition_poverty_food_security_get,GET,/api/v2/food-security-nutrition-poverty/food-security,start_date,query,string,False,information en lecture seule,information,"Filter entries to include rows where the reference period overlaps with or extends beyond this date, e.g. 2020, 2020-01, 2020-01-01 or 2020-01-01T00:00:00",True,False,False,provider OpenAPI/Swagger,https://hapi.humdata.org/openapi.json,,,,,
HDX Humanitarian API (HAPI),hdx-hapi,get_funding_api_v2_coordination_context_funding_get,GET,/api/v2/coordination-context/funding,app_identifier,query,string,True,information en lecture seule,information,"base64 encoded application name and email, as in `base64(""app_name:email"")`. This value can also be passed in the `X-HDX-HAPI-APP-IDENTIFIER` header. See the *encoded_app_identifier* endpoint.",True,False,False,provider OpenAPI/Swagger,https://hapi.humdata.org/openapi.json,,,,,
HDX Humanitarian API (HAPI),hdx-hapi,get_funding_api_v2_coordination_context_funding_get,GET,/api/v2/coordination-context/funding,appeal_code,query,string,False,information en lecture seule,information,Filter the response by a unique code given by FTS to each appeal,True,False,False,provider OpenAPI/Swagger,https://hapi.humdata.org/openapi.json,,,,,
HDX Humanitarian API (HAPI),hdx-hapi,get_funding_api_v2_coordination_context_funding_get,GET,/api/v2/coordination-context/funding,appeal_type,query,string,False,information en lecture seule,information,"Filter the response by the type of the appeal, such as flash or HRP",True,False,False,provider OpenAPI/Swagger,https://hapi.humdata.org/openapi.json,,,,,
HDX Humanitarian API (HAPI),hdx-hapi,get_funding_api_v2_coordination_context_funding_get,GET,/api/v2/coordination-context/funding,end_date,query,string,False,information en lecture seule,information,"Filter entries to include rows where the reference period overlaps with or begins prior to this date, e.g. 2020, 2020-01, 2020-01-01, 2020-01-01 or 2020-01-01T23:59:59",True,False,False,provider OpenAPI/Swagger,https://hapi.humdata.org/openapi.json,,,,,
HDX Humanitarian API (HAPI),hdx-hapi,get_funding_api_v2_coordination_context_funding_get,GET,/api/v2/coordination-context/funding,has_hrp,query,string,False,information en lecture seule,information,Filter the response by the has_hrp flag. The has_hrp flag indicates whether a country has a Humanitarian Response Plan.,True,False,False,provider OpenAPI/Swagger,https://hapi.humdata.org/openapi.json,,,,,
HDX Humanitarian API (HAPI),hdx-hapi,get_funding_api_v2_coordination_context_funding_get,GET,/api/v2/coordination-context/funding,in_gho,query,string,False,information en lecture seule,information,"Filter the response by the in_gho flag. The in_gho flag indicates whether a country is in the <a href=""https://humanitarianaction.info/"">Global Humanitarian Overview</a>.",True,False,False,provider OpenAPI/Swagger,https://hapi.humdata.org/openapi.json,,,,,
HDX Humanitarian API (HAPI),hdx-hapi,get_funding_api_v2_coordination_context_funding_get,GET,/api/v2/coordination-context/funding,limit,query,integer,False,information en lecture seule,information,"Maximum number of records to return. The system will not return more than 10,000 records.",True,False,False,provider OpenAPI/Swagger,https://hapi.humdata.org/openapi.json,10000,,0,10000,
HDX Humanitarian API (HAPI),hdx-hapi,get_funding_api_v2_coordination_context_funding_get,GET,/api/v2/coordination-context/funding,location_code,query,string,False,information en lecture seule,information,"Filter the response by a location (typically a country). The location codes use the ISO-3 (ISO 3166 alpha-3) codes. See the <a href=""/docs#/Metadata/get_locations_api_v1_metadata_location_get"" target=""_blank"">location endpoint</a> for details.",True,False,False,provider OpenAPI/Swagger,https://hapi.humdata.org/openapi.json,,,,,
HDX Humanitarian API (HAPI),hdx-hapi,get_funding_api_v2_coordination_context_funding_get,GET,/api/v2/coordination-context/funding,location_name,query,string,False,information en lecture seule,information,"Filter the response by a location (typically a country). The location names are based on the ""short name"" from the <a href=""https://unstats.un.org/unsd/methodology/m49/#fn2"">UN M49 Standard</a>. See the <a href=""/docs#/Metadata/get_locations_api_v1_metadata_location_get"" target=""_blank"">location endpoint</a> for details.",True,False,False,provider OpenAPI/Swagger,https://hapi.humdata.org/openapi.json,,,,,
HDX Humanitarian API (HAPI),hdx-hapi,get_funding_api_v2_coordination_context_funding_get,GET,/api/v2/coordination-context/funding,offset,query,integer,False,information en lecture seule,information,Number of records to skip in the response. Use in conjunction with the limit parameter to paginate.,True,False,False,provider OpenAPI/Swagger,https://hapi.humdata.org/openapi.json,0,,0,,
HDX Humanitarian API (HAPI),hdx-hapi,get_funding_api_v2_coordination_context_funding_get,GET,/api/v2/coordination-context/funding,output_format,query,string,False,information en lecture seule,information,,True,False,False,provider OpenAPI/Swagger,https://hapi.humdata.org/openapi.json,,"['csv', 'json']",,,
HDX Humanitarian API (HAPI),hdx-hapi,get_funding_api_v2_coordination_context_funding_get,GET,/api/v2/coordination-context/funding,start_date,query,string,False,information en lecture seule,information,"Filter entries to include rows where the reference period overlaps with or extends beyond this date, e.g. 2020, 2020-01, 2020-01-01 or 2020-01-01T00:00:00",True,False,False,provider OpenAPI/Swagger,https://hapi.humdata.org/openapi.json,,,,,
HDX Humanitarian API (HAPI),hdx-hapi,get_humanitarian_needs_api_v2_affected_people_humanitarian_needs_get,GET,/api/v2/affected-people/humanitarian-needs,admin1_code,query,string,False,information en lecture seule,information,"Filter the response by the 1st subnational administrative divisions. The admin1 codes refer to the p-codes in the <a href=""https://data.humdata.org/dashboards/cod?"">Common Operational Datasets</a>. See the <a href=""/docs#/Metadata/get_admin1_api_v1_metadata_admin1_get"" target=""_blank"">admin1 endpoint</a> for details.",True,False,False,provider OpenAPI/Swagger,https://hapi.humdata.org/openapi.json,,,,,
HDX Humanitarian API (HAPI),hdx-hapi,get_humanitarian_needs_api_v2_affected_people_humanitarian_needs_get,GET,/api/v2/affected-people/humanitarian-needs,admin1_name,query,string,False,information en lecture seule,information,"Filter the response by the 1st subnational administrative divisions. The admin1 names refer to either the <a href=""https://data.humdata.org/dashboards/cod?"">Common Operational Datasets</a> or those provided in the original data source. See the <a href=""/docs#/Metadata/get_admin1_api_v1_metadata_admin1_get"" target=""_blank"">admin1 endpoint</a> for details.",True,False,False,provider OpenAPI/Swagger,https://hapi.humdata.org/openapi.json,,,,,
HDX Humanitarian API (HAPI),hdx-hapi,get_humanitarian_needs_api_v2_affected_people_humanitarian_needs_get,GET,/api/v2/affected-people/humanitarian-needs,admin2_code,query,string,False,information en lecture seule,information,"Filter the response by the 2nd subnational administrative divisions. The admin2 codes refer to the p-codes in the <a href=""https://data.humdata.org/dashboards/cod?"">Common Operational Datasets</a>. See the <a href=""/docs#/Metadata/get_admin2_api_v1_metadata_admin2_get"" target=""_blank"">admin2 endpoint</a> for details.",True,False,False,provider OpenAPI/Swagger,https://hapi.humdata.org/openapi.json,,,,,
HDX Humanitarian API (HAPI),hdx-hapi,get_humanitarian_needs_api_v2_affected_people_humanitarian_needs_get,GET,/api/v2/affected-people/humanitarian-needs,admin2_name,query,string,False,information en lecture seule,information,"Filter the response by the 2nd subnational administrative divisions. The admin2 names refer to either the <a href=""https://data.humdata.org/dashboards/cod?"">Common Operational Datasets</a> or those provided in the original data source. See the <a href=""/docs#/Metadata/get_admin2_api_v1_metadata_admin2_get"" target=""_blank"">admin2 endpoint</a> for details.",True,False,False,provider OpenAPI/Swagger,https://hapi.humdata.org/openapi.json,,,,,
HDX Humanitarian API (HAPI),hdx-hapi,get_humanitarian_needs_api_v2_affected_people_humanitarian_needs_get,GET,/api/v2/affected-people/humanitarian-needs,admin_level,query,string,False,information en lecture seule,information,Filter the response by admin level.,True,False,False,provider OpenAPI/Swagger,https://hapi.humdata.org/openapi.json,,,,,
HDX Humanitarian API (HAPI),hdx-hapi,get_humanitarian_needs_api_v2_affected_people_humanitarian_needs_get,GET,/api/v2/affected-people/humanitarian-needs,app_identifier,query,string,True,information en lecture seule,information,"base64 encoded application name and email, as in `base64(""app_name:email"")`. This value can also be passed in the `X-HDX-HAPI-APP-IDENTIFIER` header. See the *encoded_app_identifier* endpoint.",True,False,False,provider OpenAPI/Swagger,https://hapi.humdata.org/openapi.json,,,,,
HDX Humanitarian API (HAPI),hdx-hapi,get_humanitarian_needs_api_v2_affected_people_humanitarian_needs_get,GET,/api/v2/affected-people/humanitarian-needs,category,query,string,False,information en lecture seule,information,"A category combining gender, age range, disability marker and population group information",True,False,False,provider OpenAPI/Swagger,https://hapi.humdata.org/openapi.json,,,,,
HDX Humanitarian API (HAPI),hdx-hapi,get_humanitarian_needs_api_v2_affected_people_humanitarian_needs_get,GET,/api/v2/affected-people/humanitarian-needs,end_date,query,string,False,information en lecture seule,information,"Filter entries to include rows where the reference period overlaps with or begins prior to this date, e.g. 2020, 2020-01, 2020-01-01, 2020-01-01 or 2020-01-01T23:59:59",True,False,False,provider OpenAPI/Swagger,https://hapi.humdata.org/openapi.json,,,,,
HDX Humanitarian API (HAPI),hdx-hapi,get_humanitarian_needs_api_v2_affected_people_humanitarian_needs_get,GET,/api/v2/affected-people/humanitarian-needs,has_hrp,query,string,False,information en lecture seule,information,Filter the response by the has_hrp flag. The has_hrp flag indicates whether a country has a Humanitarian Response Plan.,True,False,False,provider OpenAPI/Swagger,https://hapi.humdata.org/openapi.json,,,,,
HDX Humanitarian API (HAPI),hdx-hapi,get_humanitarian_needs_api_v2_affected_people_humanitarian_needs_get,GET,/api/v2/affected-people/humanitarian-needs,in_gho,query,string,False,information en lecture seule,information,"Filter the response by the in_gho flag. The in_gho flag indicates whether a country is in the <a href=""https://humanitarianaction.info/"">Global Humanitarian Overview</a>.",True,False,False,provider OpenAPI/Swagger,https://hapi.humdata.org/openapi.json,,,,,
HDX Humanitarian API (HAPI),hdx-hapi,get_humanitarian_needs_api_v2_affected_people_humanitarian_needs_get,GET,/api/v2/affected-people/humanitarian-needs,limit,query,integer,False,information en lecture seule,information,"Maximum number of records to return. The system will not return more than 10,000 records.",True,False,False,provider OpenAPI/Swagger,https://hapi.humdata.org/openapi.json,10000,,0,10000,
HDX Humanitarian API (HAPI),hdx-hapi,get_humanitarian_needs_api_v2_affected_people_humanitarian_needs_get,GET,/api/v2/affected-people/humanitarian-needs,location_code,query,string,False,information en lecture seule,information,"Filter the response by a location (typically a country). The location codes use the ISO-3 (ISO 3166 alpha-3) codes. See the <a href=""/docs#/Metadata/get_locations_api_v1_metadata_location_get"" target=""_blank"">location endpoint</a> for details.",True,False,False,provider OpenAPI/Swagger,https://hapi.humdata.org/openapi.json,,,,,
HDX Humanitarian API (HAPI),hdx-hapi,get_humanitarian_needs_api_v2_affected_people_humanitarian_needs_get,GET,/api/v2/affected-people/humanitarian-needs,location_name,query,string,False,information en lecture seule,information,"Filter the response by a location (typically a country). The location names are based on the ""short name"" from the <a href=""https://unstats.un.org/unsd/methodology/m49/#fn2"">UN M49 Standard</a>. See the <a href=""/docs#/Metadata/get_locations_api_v1_metadata_location_get"" target=""_blank"">location endpoint</a> for details.",True,False,False,provider OpenAPI/Swagger,https://hapi.humdata.org/openapi.json,,,,,
HDX Humanitarian API (HAPI),hdx-hapi,get_humanitarian_needs_api_v2_affected_people_humanitarian_needs_get,GET,/api/v2/affected-people/humanitarian-needs,offset,query,integer,False,information en lecture seule,information,Number of records to skip in the response. Use in conjunction with the limit parameter to paginate.,True,False,False,provider OpenAPI/Swagger,https://hapi.humdata.org/openapi.json,0,,0,,
HDX Humanitarian API (HAPI),hdx-hapi,get_humanitarian_needs_api_v2_affected_people_humanitarian_needs_get,GET,/api/v2/affected-people/humanitarian-needs,output_format,query,string,False,information en lecture seule,information,,True,False,False,provider OpenAPI/Swagger,https://hapi.humdata.org/openapi.json,,"['csv', 'json']",,,
HDX Humanitarian API (HAPI),hdx-hapi,get_humanitarian_needs_api_v2_affected_people_humanitarian_needs_get,GET,/api/v2/affected-people/humanitarian-needs,population_max,query,string,False,information en lecture seule,information,Filter the response by a upper bound for the population.,True,False,False,provider OpenAPI/Swagger,https://hapi.humdata.org/openapi.json,,,,,
HDX Humanitarian API (HAPI),hdx-hapi,get_humanitarian_needs_api_v2_affected_people_humanitarian_needs_get,GET,/api/v2/affected-people/humanitarian-needs,population_min,query,string,False,information en lecture seule,information,Filter the response by a lower bound for the population.,True,False,False,provider OpenAPI/Swagger,https://hapi.humdata.org/openapi.json,,,,,
HDX Humanitarian API (HAPI),hdx-hapi,get_humanitarian_needs_api_v2_affected_people_humanitarian_needs_get,GET,/api/v2/affected-people/humanitarian-needs,population_status,query,string,False,information en lecture seule,information,"Filter the response by the population status, available values are described <a href=""https://hdx-hapi.readthedocs.io/en/latest/data_usage_guides/enums/#population-status"">here.</a>",True,False,False,provider OpenAPI/Swagger,https://hapi.humdata.org/openapi.json,,,,,
HDX Humanitarian API (HAPI),hdx-hapi,get_humanitarian_needs_api_v2_affected_people_humanitarian_needs_get,GET,/api/v2/affected-people/humanitarian-needs,sector_code,query,string,False,information en lecture seule,information,Filter the response by the sector code.,True,False,False,provider OpenAPI/Swagger,https://hapi.humdata.org/openapi.json,,,,,
HDX Humanitarian API (HAPI),hdx-hapi,get_humanitarian_needs_api_v2_affected_people_humanitarian_needs_get,GET,/api/v2/affected-people/humanitarian-needs,sector_name,query,string,False,information en lecture seule,information,Filter the response by the sector name.,True,False,False,provider OpenAPI/Swagger,https://hapi.humdata.org/openapi.json,,,,,
HDX Humanitarian API (HAPI),hdx-hapi,get_humanitarian_needs_api_v2_affected_people_humanitarian_needs_get,GET,/api/v2/affected-people/humanitarian-needs,start_date,query,string,False,information en lecture seule,information,"Filter entries to include rows where the reference period overlaps with or extends beyond this date, e.g. 2020, 2020-01, 2020-01-01 or 2020-01-01T00:00:00",True,False,False,provider OpenAPI/Swagger,https://hapi.humdata.org/openapi.json,,,,,
HDX Humanitarian API (HAPI),hdx-hapi,get_idps_api_v2_affected_people_idps_get,GET,/api/v2/affected-people/idps,admin1_code,query,string,False,information en lecture seule,information,"Filter the response by the 1st subnational administrative divisions. The admin1 codes refer to the p-codes in the <a href=""https://data.humdata.org/dashboards/cod?"">Common Operational Datasets</a>. See the <a href=""/docs#/Metadata/get_admin1_api_v1_metadata_admin1_get"" target=""_blank"">admin1 endpoint</a> for details.",True,False,False,provider OpenAPI/Swagger,https://hapi.humdata.org/openapi.json,,,,,
HDX Humanitarian API (HAPI),hdx-hapi,get_idps_api_v2_affected_people_idps_get,GET,/api/v2/affected-people/idps,admin1_name,query,string,False,information en lecture seule,information,"Filter the response by the 1st subnational administrative divisions. The admin1 names refer to either the <a href=""https://data.humdata.org/dashboards/cod?"">Common Operational Datasets</a> or those provided in the original data source. See the <a href=""/docs#/Metadata/get_admin1_api_v1_metadata_admin1_get"" target=""_blank"">admin1 endpoint</a> for details.",True,False,False,provider OpenAPI/Swagger,https://hapi.humdata.org/openapi.json,,,,,
HDX Humanitarian API (HAPI),hdx-hapi,get_idps_api_v2_affected_people_idps_get,GET,/api/v2/affected-people/idps,admin2_code,query,string,False,information en lecture seule,information,"Filter the response by the 2nd subnational administrative divisions. The admin2 codes refer to the p-codes in the <a href=""https://data.humdata.org/dashboards/cod?"">Common Operational Datasets</a>. See the <a href=""/docs#/Metadata/get_admin2_api_v1_metadata_admin2_get"" target=""_blank"">admin2 endpoint</a> for details.",True,False,False,provider OpenAPI/Swagger,https://hapi.humdata.org/openapi.json,,,,,
HDX Humanitarian API (HAPI),hdx-hapi,get_idps_api_v2_affected_people_idps_get,GET,/api/v2/affected-people/idps,admin2_name,query,string,False,information en lecture seule,information,"Filter the response by the 2nd subnational administrative divisions. The admin2 names refer to either the <a href=""https://data.humdata.org/dashboards/cod?"">Common Operational Datasets</a> or those provided in the original data source. See the <a href=""/docs#/Metadata/get_admin2_api_v1_metadata_admin2_get"" target=""_blank"">admin2 endpoint</a> for details.",True,False,False,provider OpenAPI/Swagger,https://hapi.humdata.org/openapi.json,,,,,
HDX Humanitarian API (HAPI),hdx-hapi,get_idps_api_v2_affected_people_idps_get,GET,/api/v2/affected-people/idps,admin_level,query,string,False,information en lecture seule,information,Filter the response by admin level.,True,False,False,provider OpenAPI/Swagger,https://hapi.humdata.org/openapi.json,,,,,
HDX Humanitarian API (HAPI),hdx-hapi,get_idps_api_v2_affected_people_idps_get,GET,/api/v2/affected-people/idps,app_identifier,query,string,True,information en lecture seule,information,"base64 encoded application name and email, as in `base64(""app_name:email"")`. This value can also be passed in the `X-HDX-HAPI-APP-IDENTIFIER` header. See the *encoded_app_identifier* endpoint.",True,False,False,provider OpenAPI/Swagger,https://hapi.humdata.org/openapi.json,,,,,
HDX Humanitarian API (HAPI),hdx-hapi,get_idps_api_v2_affected_people_idps_get,GET,/api/v2/affected-people/idps,end_date,query,string,False,information en lecture seule,information,"Filter entries to include rows where the reference period overlaps with or begins prior to this date, e.g. 2020, 2020-01, 2020-01-01, 2020-01-01 or 2020-01-01T23:59:59",True,False,False,provider OpenAPI/Swagger,https://hapi.humdata.org/openapi.json,,,,,
HDX Humanitarian API (HAPI),hdx-hapi,get_idps_api_v2_affected_people_idps_get,GET,/api/v2/affected-people/idps,has_hrp,query,string,False,information en lecture seule,information,Filter the response by the has_hrp flag. The has_hrp flag indicates whether a country has a Humanitarian Response Plan.,True,False,False,provider OpenAPI/Swagger,https://hapi.humdata.org/openapi.json,,,,,
HDX Humanitarian API (HAPI),hdx-hapi,get_idps_api_v2_affected_people_idps_get,GET,/api/v2/affected-people/idps,in_gho,query,string,False,information en lecture seule,information,"Filter the response by the in_gho flag. The in_gho flag indicates whether a country is in the <a href=""https://humanitarianaction.info/"">Global Humanitarian Overview</a>.",True,False,False,provider OpenAPI/Swagger,https://hapi.humdata.org/openapi.json,,,,,
HDX Humanitarian API (HAPI),hdx-hapi,get_idps_api_v2_affected_people_idps_get,GET,/api/v2/affected-people/idps,limit,query,integer,False,information en lecture seule,information,"Maximum number of records to return. The system will not return more than 10,000 records.",True,False,False,provider OpenAPI/Swagger,https://hapi.humdata.org/openapi.json,10000,,0,10000,
HDX Humanitarian API (HAPI),hdx-hapi,get_idps_api_v2_affected_people_idps_get,GET,/api/v2/affected-people/idps,location_code,query,string,False,information en lecture seule,information,"Filter the response by a location (typically a country). The location codes use the ISO-3 (ISO 3166 alpha-3) codes. See the <a href=""/docs#/Metadata/get_locations_api_v1_metadata_location_get"" target=""_blank"">location endpoint</a> for details.",True,False,False,provider OpenAPI/Swagger,https://hapi.humdata.org/openapi.json,,,,,
HDX Humanitarian API (HAPI),hdx-hapi,get_idps_api_v2_affected_people_idps_get,GET,/api/v2/affected-people/idps,location_name,query,string,False,information en lecture seule,information,"Filter the response by a location (typically a country). The location names are based on the ""short name"" from the <a href=""https://unstats.un.org/unsd/methodology/m49/#fn2"">UN M49 Standard</a>. See the <a href=""/docs#/Metadata/get_locations_api_v1_metadata_location_get"" target=""_blank"">location endpoint</a> for details.",True,False,False,provider OpenAPI/Swagger,https://hapi.humdata.org/openapi.json,,,,,
HDX Humanitarian API (HAPI),hdx-hapi,get_idps_api_v2_affected_people_idps_get,GET,/api/v2/affected-people/idps,offset,query,integer,False,information en lecture seule,information,Number of records to skip in the response. Use in conjunction with the limit parameter to paginate.,True,False,False,provider OpenAPI/Swagger,https://hapi.humdata.org/openapi.json,0,,0,,
HDX Humanitarian API (HAPI),hdx-hapi,get_idps_api_v2_affected_people_idps_get,GET,/api/v2/affected-people/idps,output_format,query,string,False,information en lecture seule,information,,True,False,False,provider OpenAPI/Swagger,https://hapi.humdata.org/openapi.json,,"['csv', 'json']",,,
HDX Humanitarian API (HAPI),hdx-hapi,get_idps_api_v2_affected_people_idps_get,GET,/api/v2/affected-people/idps,start_date,query,string,False,information en lecture seule,information,"Filter entries to include rows where the reference period overlaps with or extends beyond this date, e.g. 2020, 2020-01, 2020-01-01 or 2020-01-01T00:00:00",True,False,False,provider OpenAPI/Swagger,https://hapi.humdata.org/openapi.json,,,,,
HDX Humanitarian API (HAPI),hdx-hapi,get_location_api_v2_metadata_location_get,GET,/api/v2/metadata/location,app_identifier,query,string,True,information en lecture seule,information,"base64 encoded application name and email, as in `base64(""app_name:email"")`. This value can also be passed in the `X-HDX-HAPI-APP-IDENTIFIER` header. See the *encoded_app_identifier* endpoint.",True,False,False,provider OpenAPI/Swagger,https://hapi.humdata.org/openapi.json,,,,,
HDX Humanitarian API (HAPI),hdx-hapi,get_location_api_v2_metadata_location_get,GET,/api/v2/metadata/location,code,query,string,False,information en lecture seule,information,Filter the response by a location (typically a country). The location codes use the ISO-3 (ISO 3166 alpha-3) codes.,True,False,False,provider OpenAPI/Swagger,https://hapi.humdata.org/openapi.json,,,,,
HDX Humanitarian API (HAPI),hdx-hapi,get_location_api_v2_metadata_location_get,GET,/api/v2/metadata/location,end_date,query,string,False,information en lecture seule,information,"Filter entries to include rows where the reference period overlaps with or begins prior to this date, e.g. 2020, 2020-01, 2020-01-01, 2020-01-01 or 2020-01-01T23:59:59",True,False,False,provider OpenAPI/Swagger,https://hapi.humdata.org/openapi.json,,,,,
HDX Humanitarian API (HAPI),hdx-hapi,get_location_api_v2_metadata_location_get,GET,/api/v2/metadata/location,has_hrp,query,string,False,information en lecture seule,information,Filter the response by the has_hrp flag. The has_hrp flag indicates whether a country has a Humanitarian Response Plan.,True,False,False,provider OpenAPI/Swagger,https://hapi.humdata.org/openapi.json,,,,,
HDX Humanitarian API (HAPI),hdx-hapi,get_location_api_v2_metadata_location_get,GET,/api/v2/metadata/location,id,query,string,False,information en lecture seule,information,Filter the response by a location (typically a country) reference number.,True,False,False,provider OpenAPI/Swagger,https://hapi.humdata.org/openapi.json,,,,,
HDX Humanitarian API (HAPI),hdx-hapi,get_location_api_v2_metadata_location_get,GET,/api/v2/metadata/location,in_gho,query,string,False,information en lecture seule,information,"Filter the response by the in_gho flag. The in_gho flag indicates whether a country is in the <a href=""https://humanitarianaction.info/"">Global Humanitarian Overview</a>.",True,False,False,provider OpenAPI/Swagger,https://hapi.humdata.org/openapi.json,,,,,
HDX Humanitarian API (HAPI),hdx-hapi,get_location_api_v2_metadata_location_get,GET,/api/v2/metadata/location,limit,query,integer,False,information en lecture seule,information,"Maximum number of records to return. The system will not return more than 10,000 records.",True,False,False,provider OpenAPI/Swagger,https://hapi.humdata.org/openapi.json,10000,,0,10000,
HDX Humanitarian API (HAPI),hdx-hapi,get_location_api_v2_metadata_location_get,GET,/api/v2/metadata/location,name,query,string,False,information en lecture seule,information,"Filter the response by a location (typically a country). The location names are based on the ""short name"" from the <a href=""https://unstats.un.org/unsd/methodology/m49/#fn2"">UN M49 Standard</a>.",True,False,False,provider OpenAPI/Swagger,https://hapi.humdata.org/openapi.json,,,,,
HDX Humanitarian API (HAPI),hdx-hapi,get_location_api_v2_metadata_location_get,GET,/api/v2/metadata/location,offset,query,integer,False,information en lecture seule,information,Number of records to skip in the response. Use in conjunction with the limit parameter to paginate.,True,False,False,provider OpenAPI/Swagger,https://hapi.humdata.org/openapi.json,0,,0,,
HDX Humanitarian API (HAPI),hdx-hapi,get_location_api_v2_metadata_location_get,GET,/api/v2/metadata/location,output_format,query,string,False,information en lecture seule,information,,True,False,False,provider OpenAPI/Swagger,https://hapi.humdata.org/openapi.json,,"['csv', 'json']",,,
HDX Humanitarian API (HAPI),hdx-hapi,get_location_api_v2_metadata_location_get,GET,/api/v2/metadata/location,start_date,query,string,False,information en lecture seule,information,"Filter entries to include rows where the reference period overlaps with or extends beyond this date, e.g. 2020, 2020-01, 2020-01-01 or 2020-01-01T00:00:00",True,False,False,provider OpenAPI/Swagger,https://hapi.humdata.org/openapi.json,,,,,
HDX Humanitarian API (HAPI),hdx-hapi,get_national_risk_api_v2_coordination_context_national_risk_get,GET,/api/v2/coordination-context/national-risk,app_identifier,query,string,True,information en lecture seule,information,"base64 encoded application name and email, as in `base64(""app_name:email"")`. This value can also be passed in the `X-HDX-HAPI-APP-IDENTIFIER` header. See the *encoded_app_identifier* endpoint.",True,False,False,provider OpenAPI/Swagger,https://hapi.humdata.org/openapi.json,,,,,
HDX Humanitarian API (HAPI),hdx-hapi,get_national_risk_api_v2_coordination_context_national_risk_get,GET,/api/v2/coordination-context/national-risk,coping_capacity_risk_max,query,string,False,information en lecture seule,information,Filter the response by a lower bound for the Coping Capacity Risk.,True,False,False,provider OpenAPI/Swagger,https://hapi.humdata.org/openapi.json,,,,,
HDX Humanitarian API (HAPI),hdx-hapi,get_national_risk_api_v2_coordination_context_national_risk_get,GET,/api/v2/coordination-context/national-risk,coping_capacity_risk_min,query,string,False,information en lecture seule,information,Filter the response by a lower bound for the Coping Capacity Risk.,True,False,False,provider OpenAPI/Swagger,https://hapi.humdata.org/openapi.json,,,,,
HDX Humanitarian API (HAPI),hdx-hapi,get_national_risk_api_v2_coordination_context_national_risk_get,GET,/api/v2/coordination-context/national-risk,end_date,query,string,False,information en lecture seule,information,"Filter entries to include rows where the reference period overlaps with or begins prior to this date, e.g. 2020, 2020-01, 2020-01-01, 2020-01-01 or 2020-01-01T23:59:59",True,False,False,provider OpenAPI/Swagger,https://hapi.humdata.org/openapi.json,,,,,
HDX Humanitarian API (HAPI),hdx-hapi,get_national_risk_api_v2_coordination_context_national_risk_get,GET,/api/v2/coordination-context/national-risk,global_rank_max,query,string,False,information en lecture seule,information,Filter the response by an upper bound for the Global Rank.,True,False,False,provider OpenAPI/Swagger,https://hapi.humdata.org/openapi.json,,,,,
HDX Humanitarian API (HAPI),hdx-hapi,get_national_risk_api_v2_coordination_context_national_risk_get,GET,/api/v2/coordination-context/national-risk,global_rank_min,query,string,False,information en lecture seule,information,Filter the response by a lower bound for the Global Rank.,True,False,False,provider OpenAPI/Swagger,https://hapi.humdata.org/openapi.json,,,,,
HDX Humanitarian API (HAPI),hdx-hapi,get_national_risk_api_v2_coordination_context_national_risk_get,GET,/api/v2/coordination-context/national-risk,has_hrp,query,string,False,information en lecture seule,information,Filter the response by the has_hrp flag. The has_hrp flag indicates whether a country has a Humanitarian Response Plan.,True,False,False,provider OpenAPI/Swagger,https://hapi.humdata.org/openapi.json,,,,,
HDX Humanitarian API (HAPI),hdx-hapi,get_national_risk_api_v2_coordination_context_national_risk_get,GET,/api/v2/coordination-context/national-risk,hazard_exposure_risk_max,query,string,False,information en lecture seule,information,Filter the response by an upper bound for the Hazard Exposure Risk.,True,False,False,provider OpenAPI/Swagger,https://hapi.humdata.org/openapi.json,,,,,
HDX Humanitarian API (HAPI),hdx-hapi,get_national_risk_api_v2_coordination_context_national_risk_get,GET,/api/v2/coordination-context/national-risk,hazard_exposure_risk_min,query,string,False,information en lecture seule,information,Filter the response by a lower bound for the Hazard Exposure Risk.,True,False,False,provider OpenAPI/Swagger,https://hapi.humdata.org/openapi.json,,,,,
HDX Humanitarian API (HAPI),hdx-hapi,get_national_risk_api_v2_coordination_context_national_risk_get,GET,/api/v2/coordination-context/national-risk,in_gho,query,string,False,information en lecture seule,information,"Filter the response by the in_gho flag. The in_gho flag indicates whether a country is in the <a href=""https://humanitarianaction.info/"">Global Humanitarian Overview</a>.",True,False,False,provider OpenAPI/Swagger,https://hapi.humdata.org/openapi.json,,,,,
HDX Humanitarian API (HAPI),hdx-hapi,get_national_risk_api_v2_coordination_context_national_risk_get,GET,/api/v2/coordination-context/national-risk,limit,query,integer,False,information en lecture seule,information,"Maximum number of records to return. The system will not return more than 10,000 records.",True,False,False,provider OpenAPI/Swagger,https://hapi.humdata.org/openapi.json,10000,,0,10000,
HDX Humanitarian API (HAPI),hdx-hapi,get_national_risk_api_v2_coordination_context_national_risk_get,GET,/api/v2/coordination-context/national-risk,location_code,query,string,False,information en lecture seule,information,"Filter the response by a location (typically a country). The location codes use the ISO-3 (ISO 3166 alpha-3) codes. See the <a href=""/docs#/Metadata/get_locations_api_v1_metadata_location_get"" target=""_blank"">location endpoint</a> for details.",True,False,False,provider OpenAPI/Swagger,https://hapi.humdata.org/openapi.json,,,,,
HDX Humanitarian API (HAPI),hdx-hapi,get_national_risk_api_v2_coordination_context_national_risk_get,GET,/api/v2/coordination-context/national-risk,location_name,query,string,False,information en lecture seule,information,"Filter the response by a location (typically a country). The location names are based on the ""short name"" from the <a href=""https://unstats.un.org/unsd/methodology/m49/#fn2"">UN M49 Standard</a>. See the <a href=""/docs#/Metadata/get_locations_api_v1_metadata_location_get"" target=""_blank"">location endpoint</a> for details.",True,False,False,provider OpenAPI/Swagger,https://hapi.humdata.org/openapi.json,,,,,
HDX Humanitarian API (HAPI),hdx-hapi,get_national_risk_api_v2_coordination_context_national_risk_get,GET,/api/v2/coordination-context/national-risk,offset,query,integer,False,information en lecture seule,information,Number of records to skip in the response. Use in conjunction with the limit parameter to paginate.,True,False,False,provider OpenAPI/Swagger,https://hapi.humdata.org/openapi.json,0,,0,,
HDX Humanitarian API (HAPI),hdx-hapi,get_national_risk_api_v2_coordination_context_national_risk_get,GET,/api/v2/coordination-context/national-risk,output_format,query,string,False,information en lecture seule,information,,True,False,False,provider OpenAPI/Swagger,https://hapi.humdata.org/openapi.json,,"['csv', 'json']",,,
HDX Humanitarian API (HAPI),hdx-hapi,get_national_risk_api_v2_coordination_context_national_risk_get,GET,/api/v2/coordination-context/national-risk,overall_risk_max,query,string,False,information en lecture seule,information,Filter the response by an upper bound for the Overall Risk.,True,False,False,provider OpenAPI/Swagger,https://hapi.humdata.org/openapi.json,,,,,
HDX Humanitarian API (HAPI),hdx-hapi,get_national_risk_api_v2_coordination_context_national_risk_get,GET,/api/v2/coordination-context/national-risk,overall_risk_min,query,string,False,information en lecture seule,information,Filter the response by a lower bound for the Overall Risk.,True,False,False,provider OpenAPI/Swagger,https://hapi.humdata.org/openapi.json,,,,,
HDX Humanitarian API (HAPI),hdx-hapi,get_national_risk_api_v2_coordination_context_national_risk_get,GET,/api/v2/coordination-context/national-risk,risk_class,query,string,False,information en lecture seule,information,"Filter the response by the INFORM risk class, available values are described <a href=""https://hdx-hapi.readthedocs.io/en/latest/data_usage_guides/enums/#risk-class"">here.</a>",True,False,False,provider OpenAPI/Swagger,https://hapi.humdata.org/openapi.json,,,,,
HDX Humanitarian API (HAPI),hdx-hapi,get_national_risk_api_v2_coordination_context_national_risk_get,GET,/api/v2/coordination-context/national-risk,start_date,query,string,False,information en lecture seule,information,"Filter entries to include rows where the reference period overlaps with or extends beyond this date, e.g. 2020, 2020-01, 2020-01-01 or 2020-01-01T00:00:00",True,False,False,provider OpenAPI/Swagger,https://hapi.humdata.org/openapi.json,,,,,
HDX Humanitarian API (HAPI),hdx-hapi,get_national_risk_api_v2_coordination_context_national_risk_get,GET,/api/v2/coordination-context/national-risk,vulnerability_risk_max,query,string,False,information en lecture seule,information,Filter the response by an upper bound for the Vulnerability Risk.,True,False,False,provider OpenAPI/Swagger,https://hapi.humdata.org/openapi.json,,,,,
HDX Humanitarian API (HAPI),hdx-hapi,get_national_risk_api_v2_coordination_context_national_risk_get,GET,/api/v2/coordination-context/national-risk,vulnerability_risk_min,query,string,False,information en lecture seule,information,Filter the response by a lower bound for the Vulnerability Risk.,True,False,False,provider OpenAPI/Swagger,https://hapi.humdata.org/openapi.json,,,,,
HDX Humanitarian API (HAPI),hdx-hapi,get_operational_presence_api_v2_coordination_context_operational_presence_get,GET,/api/v2/coordination-context/operational-presence,admin1_code,query,string,False,information en lecture seule,information,"Filter the response by the 1st subnational administrative divisions. The admin1 codes refer to the p-codes in the <a href=""https://data.humdata.org/dashboards/cod?"">Common Operational Datasets</a>. See the <a href=""/docs#/Metadata/get_admin1_api_v1_metadata_admin1_get"" target=""_blank"">admin1 endpoint</a> for details.",True,False,False,provider OpenAPI/Swagger,https://hapi.humdata.org/openapi.json,,,,,
HDX Humanitarian API (HAPI),hdx-hapi,get_operational_presence_api_v2_coordination_context_operational_presence_get,GET,/api/v2/coordination-context/operational-presence,admin1_name,query,string,False,information en lecture seule,information,"Filter the response by the 1st subnational administrative divisions. The admin1 names refer to either the <a href=""https://data.humdata.org/dashboards/cod?"">Common Operational Datasets</a> or those provided in the original data source. See the <a href=""/docs#/Metadata/get_admin1_api_v1_metadata_admin1_get"" target=""_blank"">admin1 endpoint</a> for details.",True,False,False,provider OpenAPI/Swagger,https://hapi.humdata.org/openapi.json,,,,,
HDX Humanitarian API (HAPI),hdx-hapi,get_operational_presence_api_v2_coordination_context_operational_presence_get,GET,/api/v2/coordination-context/operational-presence,admin2_code,query,string,False,information en lecture seule,information,"Filter the response by the 2nd subnational administrative divisions. The admin2 codes refer to the p-codes in the <a href=""https://data.humdata.org/dashboards/cod?"">Common Operational Datasets</a>. See the <a href=""/docs#/Metadata/get_admin2_api_v1_metadata_admin2_get"" target=""_blank"">admin2 endpoint</a> for details.",True,False,False,provider OpenAPI/Swagger,https://hapi.humdata.org/openapi.json,,,,,
HDX Humanitarian API (HAPI),hdx-hapi,get_operational_presence_api_v2_coordination_context_operational_presence_get,GET,/api/v2/coordination-context/operational-presence,admin2_name,query,string,False,information en lecture seule,information,"Filter the response by the 2nd subnational administrative divisions. The admin2 names refer to either the <a href=""https://data.humdata.org/dashboards/cod?"">Common Operational Datasets</a> or those provided in the original data source. See the <a href=""/docs#/Metadata/get_admin2_api_v1_metadata_admin2_get"" target=""_blank"">admin2 endpoint</a> for details.",True,False,False,provider OpenAPI/Swagger,https://hapi.humdata.org/openapi.json,,,,,
HDX Humanitarian API (HAPI),hdx-hapi,get_operational_presence_api_v2_coordination_context_operational_presence_get,GET,/api/v2/coordination-context/operational-presence,admin_level,query,string,False,information en lecture seule,information,Filter the response by admin level.,True,False,False,provider OpenAPI/Swagger,https://hapi.humdata.org/openapi.json,,,,,
HDX Humanitarian API (HAPI),hdx-hapi,get_operational_presence_api_v2_coordination_context_operational_presence_get,GET,/api/v2/coordination-context/operational-presence,app_identifier,query,string,True,information en lecture seule,information,"base64 encoded application name and email, as in `base64(""app_name:email"")`. This value can also be passed in the `X-HDX-HAPI-APP-IDENTIFIER` header. See the *encoded_app_identifier* endpoint.",True,False,False,provider OpenAPI/Swagger,https://hapi.humdata.org/openapi.json,,,,,
HDX Humanitarian API (HAPI),hdx-hapi,get_operational_presence_api_v2_coordination_context_operational_presence_get,GET,/api/v2/coordination-context/operational-presence,end_date,query,string,False,information en lecture seule,information,"Filter entries to include rows where the reference period overlaps with or begins prior to this date, e.g. 2020, 2020-01, 2020-01-01, 2020-01-01 or 2020-01-01T23:59:59",True,False,False,provider OpenAPI/Swagger,https://hapi.humdata.org/openapi.json,,,,,
HDX Humanitarian API (HAPI),hdx-hapi,get_operational_presence_api_v2_coordination_context_operational_presence_get,GET,/api/v2/coordination-context/operational-presence,has_hrp,query,string,False,information en lecture seule,information,Filter the response by the has_hrp flag. The has_hrp flag indicates whether a country has a Humanitarian Response Plan.,True,False,False,provider OpenAPI/Swagger,https://hapi.humdata.org/openapi.json,,,,,
HDX Humanitarian API (HAPI),hdx-hapi,get_operational_presence_api_v2_coordination_context_operational_presence_get,GET,/api/v2/coordination-context/operational-presence,in_gho,query,string,False,information en lecture seule,information,"Filter the response by the in_gho flag. The in_gho flag indicates whether a country is in the <a href=""https://humanitarianaction.info/"">Global Humanitarian Overview</a>.",True,False,False,provider OpenAPI/Swagger,https://hapi.humdata.org/openapi.json,,,,,
HDX Humanitarian API (HAPI),hdx-hapi,get_operational_presence_api_v2_coordination_context_operational_presence_get,GET,/api/v2/coordination-context/operational-presence,limit,query,integer,False,information en lecture seule,information,"Maximum number of records to return. The system will not return more than 10,000 records.",True,False,False,provider OpenAPI/Swagger,https://hapi.humdata.org/openapi.json,10000,,0,10000,
HDX Humanitarian API (HAPI),hdx-hapi,get_operational_presence_api_v2_coordination_context_operational_presence_get,GET,/api/v2/coordination-context/operational-presence,location_code,query,string,False,information en lecture seule,information,"Filter the response by a location (typically a country). The location codes use the ISO-3 (ISO 3166 alpha-3) codes. See the <a href=""/docs#/Metadata/get_locations_api_v1_metadata_location_get"" target=""_blank"">location endpoint</a> for details.",True,False,False,provider OpenAPI/Swagger,https://hapi.humdata.org/openapi.json,,,,,
HDX Humanitarian API (HAPI),hdx-hapi,get_operational_presence_api_v2_coordination_context_operational_presence_get,GET,/api/v2/coordination-context/operational-presence,location_name,query,string,False,information en lecture seule,information,"Filter the response by a location (typically a country). The location names are based on the ""short name"" from the <a href=""https://unstats.un.org/unsd/methodology/m49/#fn2"">UN M49 Standard</a>. See the <a href=""/docs#/Metadata/get_locations_api_v1_metadata_location_get"" target=""_blank"">location endpoint</a> for details.",True,False,False,provider OpenAPI/Swagger,https://hapi.humdata.org/openapi.json,,,,,
HDX Humanitarian API (HAPI),hdx-hapi,get_operational_presence_api_v2_coordination_context_operational_presence_get,GET,/api/v2/coordination-context/operational-presence,offset,query,integer,False,information en lecture seule,information,Number of records to skip in the response. Use in conjunction with the limit parameter to paginate.,True,False,False,provider OpenAPI/Swagger,https://hapi.humdata.org/openapi.json,0,,0,,
HDX Humanitarian API (HAPI),hdx-hapi,get_operational_presence_api_v2_coordination_context_operational_presence_get,GET,/api/v2/coordination-context/operational-presence,org_acronym,query,string,False,information en lecture seule,information,"Filter the response by the acronym of the organization to which the operational presence applies. See the <a href=""/docs#/Metadata/get_org_api_v1_metadata_org_get"" target=""_blank"">org endpoint</a> for details.",True,False,False,provider OpenAPI/Swagger,https://hapi.humdata.org/openapi.json,,,,,
HDX Humanitarian API (HAPI),hdx-hapi,get_operational_presence_api_v2_coordination_context_operational_presence_get,GET,/api/v2/coordination-context/operational-presence,org_name,query,string,False,information en lecture seule,information,"Filter the response by the name of the organization to which the operational presence applies. See the <a href=""/docs#/Metadata/get_org_api_v1_metadata_org_get"" target=""_blank"">org endpoint</a> for details.",True,False,False,provider OpenAPI/Swagger,https://hapi.humdata.org/openapi.json,,,,,
HDX Humanitarian API (HAPI),hdx-hapi,get_operational_presence_api_v2_coordination_context_operational_presence_get,GET,/api/v2/coordination-context/operational-presence,output_format,query,string,False,information en lecture seule,information,,True,False,False,provider OpenAPI/Swagger,https://hapi.humdata.org/openapi.json,,"['csv', 'json']",,,
HDX Humanitarian API (HAPI),hdx-hapi,get_operational_presence_api_v2_coordination_context_operational_presence_get,GET,/api/v2/coordination-context/operational-presence,sector_code,query,string,False,information en lecture seule,information,"Filter the response by sector codes, which describe the humanitarian sector to which the operational presence applies. See the <a href=""/docs#/Metadata/get_sector_api_v1_metadata_sector_get"" target=""_blank"">sector endpoint</a> for details.",True,False,False,provider OpenAPI/Swagger,https://hapi.humdata.org/openapi.json,,,,,
HDX Humanitarian API (HAPI),hdx-hapi,get_operational_presence_api_v2_coordination_context_operational_presence_get,GET,/api/v2/coordination-context/operational-presence,sector_name,query,string,False,information en lecture seule,information,"Filter the response by sector names, which describe the humanitarian sector to which the operational presence applies. See the <a href=""/docs#/Metadata/get_sector_api_v1_metadata_sector_get"" target=""_blank"">sector endpoint</a> for details.",True,False,False,provider OpenAPI/Swagger,https://hapi.humdata.org/openapi.json,,,,,
HDX Humanitarian API (HAPI),hdx-hapi,get_operational_presence_api_v2_coordination_context_operational_presence_get,GET,/api/v2/coordination-context/operational-presence,start_date,query,string,False,information en lecture seule,information,"Filter entries to include rows where the reference period overlaps with or extends beyond this date, e.g. 2020, 2020-01, 2020-01-01 or 2020-01-01T00:00:00",True,False,False,provider OpenAPI/Swagger,https://hapi.humdata.org/openapi.json,,,,,
HDX Humanitarian API (HAPI),hdx-hapi,get_org_api_v2_metadata_org_get,GET,/api/v2/metadata/org,acronym,query,string,False,information en lecture seule,information,"Filter the response by the standard acronym used to represent the organization. When data is brought into the HDX HAPI database, an attempt is made to standardize the acronyms.",True,False,False,provider OpenAPI/Swagger,https://hapi.humdata.org/openapi.json,,,,,
HDX Humanitarian API (HAPI),hdx-hapi,get_org_api_v2_metadata_org_get,GET,/api/v2/metadata/org,app_identifier,query,string,True,information en lecture seule,information,"base64 encoded application name and email, as in `base64(""app_name:email"")`. This value can also be passed in the `X-HDX-HAPI-APP-IDENTIFIER` header. See the *encoded_app_identifier* endpoint.",True,False,False,provider OpenAPI/Swagger,https://hapi.humdata.org/openapi.json,,,,,
HDX Humanitarian API (HAPI),hdx-hapi,get_org_api_v2_metadata_org_get,GET,/api/v2/metadata/org,limit,query,integer,False,information en lecture seule,information,"Maximum number of records to return. The system will not return more than 10,000 records.",True,False,False,provider OpenAPI/Swagger,https://hapi.humdata.org/openapi.json,10000,,0,10000,
HDX Humanitarian API (HAPI),hdx-hapi,get_org_api_v2_metadata_org_get,GET,/api/v2/metadata/org,name,query,string,False,information en lecture seule,information,"Filter the response by the standard name used to represent the organization. When data is brought into the HDX HAPI database, an attempt is made to standardize the acronyms.",True,False,False,provider OpenAPI/Swagger,https://hapi.humdata.org/openapi.json,,,,,
HDX Humanitarian API (HAPI),hdx-hapi,get_org_api_v2_metadata_org_get,GET,/api/v2/metadata/org,offset,query,integer,False,information en lecture seule,information,Number of records to skip in the response. Use in conjunction with the limit parameter to paginate.,True,False,False,provider OpenAPI/Swagger,https://hapi.humdata.org/openapi.json,0,,0,,
HDX Humanitarian API (HAPI),hdx-hapi,get_org_api_v2_metadata_org_get,GET,/api/v2/metadata/org,org_type_code,query,string,False,information en lecture seule,information,Filter the response by the organization type code.,True,False,False,provider OpenAPI/Swagger,https://hapi.humdata.org/openapi.json,,,,,
HDX Humanitarian API (HAPI),hdx-hapi,get_org_api_v2_metadata_org_get,GET,/api/v2/metadata/org,org_type_description,query,string,False,information en lecture seule,information,"Filter the response by the organization type description. See the <a href=""/docs#/Metadata/get_org_type_api_v1_metadata_org_type_get"" target=""_blank"">org type endpoint</a> for details.",True,False,False,provider OpenAPI/Swagger,https://hapi.humdata.org/openapi.json,,,,,
HDX Humanitarian API (HAPI),hdx-hapi,get_org_api_v2_metadata_org_get,GET,/api/v2/metadata/org,output_format,query,string,False,information en lecture seule,information,,True,False,False,provider OpenAPI/Swagger,https://hapi.humdata.org/openapi.json,,"['csv', 'json']",,,
HDX Humanitarian API (HAPI),hdx-hapi,get_org_type_api_v2_metadata_org_type_get,GET,/api/v2/metadata/org-type,app_identifier,query,string,True,information en lecture seule,information,"base64 encoded application name and email, as in `base64(""app_name:email"")`. This value can also be passed in the `X-HDX-HAPI-APP-IDENTIFIER` header. See the *encoded_app_identifier* endpoint.",True,False,False,provider OpenAPI/Swagger,https://hapi.humdata.org/openapi.json,,,,,
HDX Humanitarian API (HAPI),hdx-hapi,get_org_type_api_v2_metadata_org_type_get,GET,/api/v2/metadata/org-type,code,query,string,False,information en lecture seule,information,Filter the response by the organization type code.,True,False,False,provider OpenAPI/Swagger,https://hapi.humdata.org/openapi.json,,,,,
HDX Humanitarian API (HAPI),hdx-hapi,get_org_type_api_v2_metadata_org_type_get,GET,/api/v2/metadata/org-type,description,query,string,False,information en lecture seule,information,Filter the response by the organization type description.,True,False,False,provider OpenAPI/Swagger,https://hapi.humdata.org/openapi.json,,,,,
HDX Humanitarian API (HAPI),hdx-hapi,get_org_type_api_v2_metadata_org_type_get,GET,/api/v2/metadata/org-type,limit,query,integer,False,information en lecture seule,information,"Maximum number of records to return. The system will not return more than 10,000 records.",True,False,False,provider OpenAPI/Swagger,https://hapi.humdata.org/openapi.json,10000,,0,10000,
HDX Humanitarian API (HAPI),hdx-hapi,get_org_type_api_v2_metadata_org_type_get,GET,/api/v2/metadata/org-type,offset,query,integer,False,information en lecture seule,information,Number of records to skip in the response. Use in conjunction with the limit parameter to paginate.,True,False,False,provider OpenAPI/Swagger,https://hapi.humdata.org/openapi.json,0,,0,,
HDX Humanitarian API (HAPI),hdx-hapi,get_org_type_api_v2_metadata_org_type_get,GET,/api/v2/metadata/org-type,output_format,query,string,False,information en lecture seule,information,,True,False,False,provider OpenAPI/Swagger,https://hapi.humdata.org/openapi.json,,"['csv', 'json']",,,
HDX Humanitarian API (HAPI),hdx-hapi,get_population_api_v2_geography_infrastructure_baseline_population_get,GET,/api/v2/geography-infrastructure/baseline-population,admin1_code,query,string,False,information en lecture seule,information,"Filter the response by the 1st subnational administrative divisions. The admin1 codes refer to the p-codes in the <a href=""https://data.humdata.org/dashboards/cod?"">Common Operational Datasets</a>. See the <a href=""/docs#/Metadata/get_admin1_api_v1_metadata_admin1_get"" target=""_blank"">admin1 endpoint</a> for details.",True,False,False,provider OpenAPI/Swagger,https://hapi.humdata.org/openapi.json,,,,,
HDX Humanitarian API (HAPI),hdx-hapi,get_population_api_v2_geography_infrastructure_baseline_population_get,GET,/api/v2/geography-infrastructure/baseline-population,admin1_name,query,string,False,information en lecture seule,information,"Filter the response by the 1st subnational administrative divisions. The admin1 names refer to either the <a href=""https://data.humdata.org/dashboards/cod?"">Common Operational Datasets</a> or those provided in the original data source. See the <a href=""/docs#/Metadata/get_admin1_api_v1_metadata_admin1_get"" target=""_blank"">admin1 endpoint</a> for details.",True,False,False,provider OpenAPI/Swagger,https://hapi.humdata.org/openapi.json,,,,,
HDX Humanitarian API (HAPI),hdx-hapi,get_population_api_v2_geography_infrastructure_baseline_population_get,GET,/api/v2/geography-infrastructure/baseline-population,admin2_code,query,string,False,information en lecture seule,information,"Filter the response by the 2nd subnational administrative divisions. The admin2 codes refer to the p-codes in the <a href=""https://data.humdata.org/dashboards/cod?"">Common Operational Datasets</a>. See the <a href=""/docs#/Metadata/get_admin2_api_v1_metadata_admin2_get"" target=""_blank"">admin2 endpoint</a> for details.",True,False,False,provider OpenAPI/Swagger,https://hapi.humdata.org/openapi.json,,,,,
HDX Humanitarian API (HAPI),hdx-hapi,get_population_api_v2_geography_infrastructure_baseline_population_get,GET,/api/v2/geography-infrastructure/baseline-population,admin2_name,query,string,False,information en lecture seule,information,"Filter the response by the 2nd subnational administrative divisions. The admin2 names refer to either the <a href=""https://data.humdata.org/dashboards/cod?"">Common Operational Datasets</a> or those provided in the original data source. See the <a href=""/docs#/Metadata/get_admin2_api_v1_metadata_admin2_get"" target=""_blank"">admin2 endpoint</a> for details.",True,False,False,provider OpenAPI/Swagger,https://hapi.humdata.org/openapi.json,,,,,
HDX Humanitarian API (HAPI),hdx-hapi,get_population_api_v2_geography_infrastructure_baseline_population_get,GET,/api/v2/geography-infrastructure/baseline-population,admin_level,query,string,False,information en lecture seule,information,Filter the response by admin level.,True,False,False,provider OpenAPI/Swagger,https://hapi.humdata.org/openapi.json,,,,,
HDX Humanitarian API (HAPI),hdx-hapi,get_population_api_v2_geography_infrastructure_baseline_population_get,GET,/api/v2/geography-infrastructure/baseline-population,age_range,query,string,False,information en lecture seule,information,"Filter the response by the age range. These are expressed as [start age]-[end age], or [start age]+ for an age range starting at [start age] or above. The end age is assumed to be inclusive, though that is not always explicit in the source data.",True,False,False,provider OpenAPI/Swagger,https://hapi.humdata.org/openapi.json,,,,,
HDX Humanitarian API (HAPI),hdx-hapi,get_population_api_v2_geography_infrastructure_baseline_population_get,GET,/api/v2/geography-infrastructure/baseline-population,app_identifier,query,string,True,information en lecture seule,information,"base64 encoded application name and email, as in `base64(""app_name:email"")`. This value can also be passed in the `X-HDX-HAPI-APP-IDENTIFIER` header. See the *encoded_app_identifier* endpoint.",True,False,False,provider OpenAPI/Swagger,https://hapi.humdata.org/openapi.json,,,,,
HDX Humanitarian API (HAPI),hdx-hapi,get_population_api_v2_geography_infrastructure_baseline_population_get,GET,/api/v2/geography-infrastructure/baseline-population,end_date,query,string,False,information en lecture seule,information,"Filter entries to include rows where the reference period overlaps with or begins prior to this date, e.g. 2020, 2020-01, 2020-01-01, 2020-01-01 or 2020-01-01T23:59:59",True,False,False,provider OpenAPI/Swagger,https://hapi.humdata.org/openapi.json,,,,,
HDX Humanitarian API (HAPI),hdx-hapi,get_population_api_v2_geography_infrastructure_baseline_population_get,GET,/api/v2/geography-infrastructure/baseline-population,gender,query,string,False,information en lecture seule,information,"Filter the response by the gender, available values are described <a href=""https://hdx-hapi.readthedocs.io/en/latest/data_usage_guides/enums/#gender"">here.</a>",True,False,False,provider OpenAPI/Swagger,https://hapi.humdata.org/openapi.json,,,,,
HDX Humanitarian API (HAPI),hdx-hapi,get_population_api_v2_geography_infrastructure_baseline_population_get,GET,/api/v2/geography-infrastructure/baseline-population,has_hrp,query,string,False,information en lecture seule,information,Filter the response by the has_hrp flag. The has_hrp flag indicates whether a country has a Humanitarian Response Plan.,True,False,False,provider OpenAPI/Swagger,https://hapi.humdata.org/openapi.json,,,,,
HDX Humanitarian API (HAPI),hdx-hapi,get_population_api_v2_geography_infrastructure_baseline_population_get,GET,/api/v2/geography-infrastructure/baseline-population,in_gho,query,string,False,information en lecture seule,information,"Filter the response by the in_gho flag. The in_gho flag indicates whether a country is in the <a href=""https://humanitarianaction.info/"">Global Humanitarian Overview</a>.",True,False,False,provider OpenAPI/Swagger,https://hapi.humdata.org/openapi.json,,,,,
HDX Humanitarian API (HAPI),hdx-hapi,get_population_api_v2_geography_infrastructure_baseline_population_get,GET,/api/v2/geography-infrastructure/baseline-population,limit,query,integer,False,information en lecture seule,information,"Maximum number of records to return. The system will not return more than 10,000 records.",True,False,False,provider OpenAPI/Swagger,https://hapi.humdata.org/openapi.json,10000,,0,10000,
HDX Humanitarian API (HAPI),hdx-hapi,get_population_api_v2_geography_infrastructure_baseline_population_get,GET,/api/v2/geography-infrastructure/baseline-population,location_code,query,string,False,information en lecture seule,information,"Filter the response by a location (typically a country). The location codes use the ISO-3 (ISO 3166 alpha-3) codes. See the <a href=""/docs#/Metadata/get_locations_api_v1_metadata_location_get"" target=""_blank"">location endpoint</a> for details.",True,False,False,provider OpenAPI/Swagger,https://hapi.humdata.org/openapi.json,,,,,
HDX Humanitarian API (HAPI),hdx-hapi,get_population_api_v2_geography_infrastructure_baseline_population_get,GET,/api/v2/geography-infrastructure/baseline-population,location_name,query,string,False,information en lecture seule,information,"Filter the response by a location (typically a country). The location names are based on the ""short name"" from the <a href=""https://unstats.un.org/unsd/methodology/m49/#fn2"">UN M49 Standard</a>. See the <a href=""/docs#/Metadata/get_locations_api_v1_metadata_location_get"" target=""_blank"">location endpoint</a> for details.",True,False,False,provider OpenAPI/Swagger,https://hapi.humdata.org/openapi.json,,,,,
HDX Humanitarian API (HAPI),hdx-hapi,get_population_api_v2_geography_infrastructure_baseline_population_get,GET,/api/v2/geography-infrastructure/baseline-population,offset,query,integer,False,information en lecture seule,information,Number of records to skip in the response. Use in conjunction with the limit parameter to paginate.,True,False,False,provider OpenAPI/Swagger,https://hapi.humdata.org/openapi.json,0,,0,,
HDX Humanitarian API (HAPI),hdx-hapi,get_population_api_v2_geography_infrastructure_baseline_population_get,GET,/api/v2/geography-infrastructure/baseline-population,output_format,query,string,False,information en lecture seule,information,,True,False,False,provider OpenAPI/Swagger,https://hapi.humdata.org/openapi.json,,"['csv', 'json']",,,
HDX Humanitarian API (HAPI),hdx-hapi,get_population_api_v2_geography_infrastructure_baseline_population_get,GET,/api/v2/geography-infrastructure/baseline-population,population_max,query,string,False,information en lecture seule,information,Filter the response by a upper bound for the population.,True,False,False,provider OpenAPI/Swagger,https://hapi.humdata.org/openapi.json,,,,,
HDX Humanitarian API (HAPI),hdx-hapi,get_population_api_v2_geography_infrastructure_baseline_population_get,GET,/api/v2/geography-infrastructure/baseline-population,population_min,query,string,False,information en lecture seule,information,Filter the response by a lower bound for the population.,True,False,False,provider OpenAPI/Swagger,https://hapi.humdata.org/openapi.json,,,,,
HDX Humanitarian API (HAPI),hdx-hapi,get_population_api_v2_geography_infrastructure_baseline_population_get,GET,/api/v2/geography-infrastructure/baseline-population,start_date,query,string,False,information en lecture seule,information,"Filter entries to include rows where the reference period overlaps with or extends beyond this date, e.g. 2020, 2020-01, 2020-01-01 or 2020-01-01T00:00:00",True,False,False,provider OpenAPI/Swagger,https://hapi.humdata.org/openapi.json,,,,,
HDX Humanitarian API (HAPI),hdx-hapi,get_poverty_rate_api_v2_food_security_nutrition_poverty_poverty_rate_get,GET,/api/v2/food-security-nutrition-poverty/poverty-rate,admin1_code,query,string,False,information en lecture seule,information,"Filter the response by the 1st subnational administrative divisions. The admin1 codes refer to the p-codes in the <a href=""https://data.humdata.org/dashboards/cod?"">Common Operational Datasets</a>. See the <a href=""/docs#/Metadata/get_admin1_api_v1_metadata_admin1_get"" target=""_blank"">admin1 endpoint</a> for details.",True,False,False,provider OpenAPI/Swagger,https://hapi.humdata.org/openapi.json,,,,,
HDX Humanitarian API (HAPI),hdx-hapi,get_poverty_rate_api_v2_food_security_nutrition_poverty_poverty_rate_get,GET,/api/v2/food-security-nutrition-poverty/poverty-rate,admin1_name,query,string,False,information en lecture seule,information,"Filter the response by the 1st subnational administrative divisions. The admin1 names refer to either the <a href=""https://data.humdata.org/dashboards/cod?"">Common Operational Datasets</a> or those provided in the original data source. See the <a href=""/docs#/Metadata/get_admin1_api_v1_metadata_admin1_get"" target=""_blank"">admin1 endpoint</a> for details.",True,False,False,provider OpenAPI/Swagger,https://hapi.humdata.org/openapi.json,,,,,
HDX Humanitarian API (HAPI),hdx-hapi,get_poverty_rate_api_v2_food_security_nutrition_poverty_poverty_rate_get,GET,/api/v2/food-security-nutrition-poverty/poverty-rate,admin_level,query,string,False,information en lecture seule,information,Filter the response by admin level.,True,False,False,provider OpenAPI/Swagger,https://hapi.humdata.org/openapi.json,,,,,
HDX Humanitarian API (HAPI),hdx-hapi,get_poverty_rate_api_v2_food_security_nutrition_poverty_poverty_rate_get,GET,/api/v2/food-security-nutrition-poverty/poverty-rate,app_identifier,query,string,True,information en lecture seule,information,"base64 encoded application name and email, as in `base64(""app_name:email"")`. This value can also be passed in the `X-HDX-HAPI-APP-IDENTIFIER` header. See the *encoded_app_identifier* endpoint.",True,False,False,provider OpenAPI/Swagger,https://hapi.humdata.org/openapi.json,,,,,
HDX Humanitarian API (HAPI),hdx-hapi,get_poverty_rate_api_v2_food_security_nutrition_poverty_poverty_rate_get,GET,/api/v2/food-security-nutrition-poverty/poverty-rate,end_date,query,string,False,information en lecture seule,information,"Filter entries to include rows where the reference period overlaps with or begins prior to this date, e.g. 2020, 2020-01, 2020-01-01, 2020-01-01 or 2020-01-01T23:59:59",True,False,False,provider OpenAPI/Swagger,https://hapi.humdata.org/openapi.json,,,,,
HDX Humanitarian API (HAPI),hdx-hapi,get_poverty_rate_api_v2_food_security_nutrition_poverty_poverty_rate_get,GET,/api/v2/food-security-nutrition-poverty/poverty-rate,has_hrp,query,string,False,information en lecture seule,information,Filter the response by the has_hrp flag. The has_hrp flag indicates whether a country has a Humanitarian Response Plan.,True,False,False,provider OpenAPI/Swagger,https://hapi.humdata.org/openapi.json,,,,,
HDX Humanitarian API (HAPI),hdx-hapi,get_poverty_rate_api_v2_food_security_nutrition_poverty_poverty_rate_get,GET,/api/v2/food-security-nutrition-poverty/poverty-rate,in_gho,query,string,False,information en lecture seule,information,"Filter the response by the in_gho flag. The in_gho flag indicates whether a country is in the <a href=""https://humanitarianaction.info/"">Global Humanitarian Overview</a>.",True,False,False,provider OpenAPI/Swagger,https://hapi.humdata.org/openapi.json,,,,,
HDX Humanitarian API (HAPI),hdx-hapi,get_poverty_rate_api_v2_food_security_nutrition_poverty_poverty_rate_get,GET,/api/v2/food-security-nutrition-poverty/poverty-rate,limit,query,integer,False,information en lecture seule,information,"Maximum number of records to return. The system will not return more than 10,000 records.",True,False,False,provider OpenAPI/Swagger,https://hapi.humdata.org/openapi.json,10000,,0,10000,
HDX Humanitarian API (HAPI),hdx-hapi,get_poverty_rate_api_v2_food_security_nutrition_poverty_poverty_rate_get,GET,/api/v2/food-security-nutrition-poverty/poverty-rate,location_code,query,string,False,information en lecture seule,information,"Filter the response by a location (typically a country). The location codes use the ISO-3 (ISO 3166 alpha-3) codes. See the <a href=""/docs#/Metadata/get_locations_api_v1_metadata_location_get"" target=""_blank"">location endpoint</a> for details.",True,False,False,provider OpenAPI/Swagger,https://hapi.humdata.org/openapi.json,,,,,
HDX Humanitarian API (HAPI),hdx-hapi,get_poverty_rate_api_v2_food_security_nutrition_poverty_poverty_rate_get,GET,/api/v2/food-security-nutrition-poverty/poverty-rate,location_name,query,string,False,information en lecture seule,information,"Filter the response by a location (typically a country). The location names are based on the ""short name"" from the <a href=""https://unstats.un.org/unsd/methodology/m49/#fn2"">UN M49 Standard</a>. See the <a href=""/docs#/Metadata/get_locations_api_v1_metadata_location_get"" target=""_blank"">location endpoint</a> for details.",True,False,False,provider OpenAPI/Swagger,https://hapi.humdata.org/openapi.json,,,,,
HDX Humanitarian API (HAPI),hdx-hapi,get_poverty_rate_api_v2_food_security_nutrition_poverty_poverty_rate_get,GET,/api/v2/food-security-nutrition-poverty/poverty-rate,mpi_max,query,string,False,information en lecture seule,information,"Multidimensional Poverty Index (MPI), upper bound.",True,False,False,provider OpenAPI/Swagger,https://hapi.humdata.org/openapi.json,,,,,
HDX Humanitarian API (HAPI),hdx-hapi,get_poverty_rate_api_v2_food_security_nutrition_poverty_poverty_rate_get,GET,/api/v2/food-security-nutrition-poverty/poverty-rate,mpi_min,query,string,False,information en lecture seule,information,"Multidimensional Poverty Index (MPI), lower bound.",True,False,False,provider OpenAPI/Swagger,https://hapi.humdata.org/openapi.json,,,,,
HDX Humanitarian API (HAPI),hdx-hapi,get_poverty_rate_api_v2_food_security_nutrition_poverty_poverty_rate_get,GET,/api/v2/food-security-nutrition-poverty/poverty-rate,offset,query,integer,False,information en lecture seule,information,Number of records to skip in the response. Use in conjunction with the limit parameter to paginate.,True,False,False,provider OpenAPI/Swagger,https://hapi.humdata.org/openapi.json,0,,0,,
HDX Humanitarian API (HAPI),hdx-hapi,get_poverty_rate_api_v2_food_security_nutrition_poverty_poverty_rate_get,GET,/api/v2/food-security-nutrition-poverty/poverty-rate,output_format,query,string,False,information en lecture seule,information,,True,False,False,provider OpenAPI/Swagger,https://hapi.humdata.org/openapi.json,,"['csv', 'json']",,,
HDX Humanitarian API (HAPI),hdx-hapi,get_poverty_rate_api_v2_food_security_nutrition_poverty_poverty_rate_get,GET,/api/v2/food-security-nutrition-poverty/poverty-rate,start_date,query,string,False,information en lecture seule,information,"Filter entries to include rows where the reference period overlaps with or extends beyond this date, e.g. 2020, 2020-01, 2020-01-01 or 2020-01-01T00:00:00",True,False,False,provider OpenAPI/Swagger,https://hapi.humdata.org/openapi.json,,,,,
HDX Humanitarian API (HAPI),hdx-hapi,get_rainfall_api_v2_climate_rainfall_get,GET,/api/v2/climate/rainfall,admin1_code,query,string,False,information en lecture seule,information,"Filter the response by the 1st subnational administrative divisions. The admin1 codes refer to the p-codes in the <a href=""https://data.humdata.org/dashboards/cod?"">Common Operational Datasets</a>. See the <a href=""/docs#/Metadata/get_admin1_api_v1_metadata_admin1_get"" target=""_blank"">admin1 endpoint</a> for details.",True,False,False,provider OpenAPI/Swagger,https://hapi.humdata.org/openapi.json,,,,,
HDX Humanitarian API (HAPI),hdx-hapi,get_rainfall_api_v2_climate_rainfall_get,GET,/api/v2/climate/rainfall,admin1_name,query,string,False,information en lecture seule,information,"Filter the response by the 1st subnational administrative divisions. The admin1 names refer to either the <a href=""https://data.humdata.org/dashboards/cod?"">Common Operational Datasets</a> or those provided in the original data source. See the <a href=""/docs#/Metadata/get_admin1_api_v1_metadata_admin1_get"" target=""_blank"">admin1 endpoint</a> for details.",True,False,False,provider OpenAPI/Swagger,https://hapi.humdata.org/openapi.json,,,,,
HDX Humanitarian API (HAPI),hdx-hapi,get_rainfall_api_v2_climate_rainfall_get,GET,/api/v2/climate/rainfall,admin2_code,query,string,False,information en lecture seule,information,"Filter the response by the 2nd subnational administrative divisions. The admin2 codes refer to the p-codes in the <a href=""https://data.humdata.org/dashboards/cod?"">Common Operational Datasets</a>. See the <a href=""/docs#/Metadata/get_admin2_api_v1_metadata_admin2_get"" target=""_blank"">admin2 endpoint</a> for details.",True,False,False,provider OpenAPI/Swagger,https://hapi.humdata.org/openapi.json,,,,,
HDX Humanitarian API (HAPI),hdx-hapi,get_rainfall_api_v2_climate_rainfall_get,GET,/api/v2/climate/rainfall,admin2_name,query,string,False,information en lecture seule,information,"Filter the response by the 2nd subnational administrative divisions. The admin2 names refer to either the <a href=""https://data.humdata.org/dashboards/cod?"">Common Operational Datasets</a> or those provided in the original data source. See the <a href=""/docs#/Metadata/get_admin2_api_v1_metadata_admin2_get"" target=""_blank"">admin2 endpoint</a> for details.",True,False,False,provider OpenAPI/Swagger,https://hapi.humdata.org/openapi.json,,,,,
HDX Humanitarian API (HAPI),hdx-hapi,get_rainfall_api_v2_climate_rainfall_get,GET,/api/v2/climate/rainfall,admin_level,query,string,False,information en lecture seule,information,Filter the response by admin level.,True,False,False,provider OpenAPI/Swagger,https://hapi.humdata.org/openapi.json,,,,,
HDX Humanitarian API (HAPI),hdx-hapi,get_rainfall_api_v2_climate_rainfall_get,GET,/api/v2/climate/rainfall,aggregation_period,query,string,False,information en lecture seule,information,"Filter the response by the aggregation period, available values are described <a href=""https://hdx-hapi.readthedocs.io/en/latest/data_usage_guides/enums/#aggregation-period"">here.</a>",True,False,False,provider OpenAPI/Swagger,https://hapi.humdata.org/openapi.json,,,,,
HDX Humanitarian API (HAPI),hdx-hapi,get_rainfall_api_v2_climate_rainfall_get,GET,/api/v2/climate/rainfall,app_identifier,query,string,True,information en lecture seule,information,"base64 encoded application name and email, as in `base64(""app_name:email"")`. This value can also be passed in the `X-HDX-HAPI-APP-IDENTIFIER` header. See the *encoded_app_identifier* endpoint.",True,False,False,provider OpenAPI/Swagger,https://hapi.humdata.org/openapi.json,,,,,
HDX Humanitarian API (HAPI),hdx-hapi,get_rainfall_api_v2_climate_rainfall_get,GET,/api/v2/climate/rainfall,end_date,query,string,False,information en lecture seule,information,"Filter entries to include rows where the reference period overlaps with or begins prior to this date, e.g. 2020, 2020-01, 2020-01-01, 2020-01-01 or 2020-01-01T23:59:59",True,False,False,provider OpenAPI/Swagger,https://hapi.humdata.org/openapi.json,,,,,
HDX Humanitarian API (HAPI),hdx-hapi,get_rainfall_api_v2_climate_rainfall_get,GET,/api/v2/climate/rainfall,has_hrp,query,string,False,information en lecture seule,information,Filter the response by the has_hrp flag. The has_hrp flag indicates whether a country has a Humanitarian Response Plan.,True,False,False,provider OpenAPI/Swagger,https://hapi.humdata.org/openapi.json,,,,,
HDX Humanitarian API (HAPI),hdx-hapi,get_rainfall_api_v2_climate_rainfall_get,GET,/api/v2/climate/rainfall,in_gho,query,string,False,information en lecture seule,information,"Filter the response by the in_gho flag. The in_gho flag indicates whether a country is in the <a href=""https://humanitarianaction.info/"">Global Humanitarian Overview</a>.",True,False,False,provider OpenAPI/Swagger,https://hapi.humdata.org/openapi.json,,,,,
HDX Humanitarian API (HAPI),hdx-hapi,get_rainfall_api_v2_climate_rainfall_get,GET,/api/v2/climate/rainfall,limit,query,integer,False,information en lecture seule,information,"Maximum number of records to return. The system will not return more than 10,000 records.",True,False,False,provider OpenAPI/Swagger,https://hapi.humdata.org/openapi.json,10000,,0,10000,
HDX Humanitarian API (HAPI),hdx-hapi,get_rainfall_api_v2_climate_rainfall_get,GET,/api/v2/climate/rainfall,location_code,query,string,False,information en lecture seule,information,"Filter the response by a location (typically a country). The location codes use the ISO-3 (ISO 3166 alpha-3) codes. See the <a href=""/docs#/Metadata/get_locations_api_v1_metadata_location_get"" target=""_blank"">location endpoint</a> for details.",True,False,False,provider OpenAPI/Swagger,https://hapi.humdata.org/openapi.json,,,,,
HDX Humanitarian API (HAPI),hdx-hapi,get_rainfall_api_v2_climate_rainfall_get,GET,/api/v2/climate/rainfall,location_name,query,string,False,information en lecture seule,information,"Filter the response by a location (typically a country). The location names are based on the ""short name"" from the <a href=""https://unstats.un.org/unsd/methodology/m49/#fn2"">UN M49 Standard</a>. See the <a href=""/docs#/Metadata/get_locations_api_v1_metadata_location_get"" target=""_blank"">location endpoint</a> for details.",True,False,False,provider OpenAPI/Swagger,https://hapi.humdata.org/openapi.json,,,,,
HDX Humanitarian API (HAPI),hdx-hapi,get_rainfall_api_v2_climate_rainfall_get,GET,/api/v2/climate/rainfall,offset,query,integer,False,information en lecture seule,information,Number of records to skip in the response. Use in conjunction with the limit parameter to paginate.,True,False,False,provider OpenAPI/Swagger,https://hapi.humdata.org/openapi.json,0,,0,,
HDX Humanitarian API (HAPI),hdx-hapi,get_rainfall_api_v2_climate_rainfall_get,GET,/api/v2/climate/rainfall,output_format,query,string,False,information en lecture seule,information,,True,False,False,provider OpenAPI/Swagger,https://hapi.humdata.org/openapi.json,,"['csv', 'json']",,,
HDX Humanitarian API (HAPI),hdx-hapi,get_rainfall_api_v2_climate_rainfall_get,GET,/api/v2/climate/rainfall,start_date,query,string,False,information en lecture seule,information,"Filter entries to include rows where the reference period overlaps with or extends beyond this date, e.g. 2020, 2020-01, 2020-01-01 or 2020-01-01T00:00:00",True,False,False,provider OpenAPI/Swagger,https://hapi.humdata.org/openapi.json,,,,,
HDX Humanitarian API (HAPI),hdx-hapi,get_rainfall_api_v2_climate_rainfall_get,GET,/api/v2/climate/rainfall,version,query,string,False,information en lecture seule,information,Version rainfall,True,False,False,provider OpenAPI/Swagger,https://hapi.humdata.org/openapi.json,,,,,
HDX Humanitarian API (HAPI),hdx-hapi,get_refugees_api_v2_affected_people_refugees_persons_of_concern_get,GET,/api/v2/affected-people/refugees-persons-of-concern,age_range,query,string,False,information en lecture seule,information,"Filter the response by the age range. These are expressed as [start age]-[end age], or [start age]+ for an age range starting at [start age] or above. The end age is assumed to be inclusive, though that is not always explicit in the source data.",True,False,False,provider OpenAPI/Swagger,https://hapi.humdata.org/openapi.json,,,,,
HDX Humanitarian API (HAPI),hdx-hapi,get_refugees_api_v2_affected_people_refugees_persons_of_concern_get,GET,/api/v2/affected-people/refugees-persons-of-concern,app_identifier,query,string,True,information en lecture seule,information,"base64 encoded application name and email, as in `base64(""app_name:email"")`. This value can also be passed in the `X-HDX-HAPI-APP-IDENTIFIER` header. See the *encoded_app_identifier* endpoint.",True,False,False,provider OpenAPI/Swagger,https://hapi.humdata.org/openapi.json,,,,,
HDX Humanitarian API (HAPI),hdx-hapi,get_refugees_api_v2_affected_people_refugees_persons_of_concern_get,GET,/api/v2/affected-people/refugees-persons-of-concern,asylum_has_hrp,query,string,False,information en lecture seule,information,Filter the response by the has_hrp flag. The has_hrp flag indicates whether a country has a Humanitarian Response Plan.,True,False,False,provider OpenAPI/Swagger,https://hapi.humdata.org/openapi.json,,,,,
HDX Humanitarian API (HAPI),hdx-hapi,get_refugees_api_v2_affected_people_refugees_persons_of_concern_get,GET,/api/v2/affected-people/refugees-persons-of-concern,asylum_in_gho,query,string,False,information en lecture seule,information,"Filter the response by the in_gho flag. The in_gho flag indicates whether a country is in the <a href=""https://humanitarianaction.info/"">Global Humanitarian Overview</a>.",True,False,False,provider OpenAPI/Swagger,https://hapi.humdata.org/openapi.json,,,,,
HDX Humanitarian API (HAPI),hdx-hapi,get_refugees_api_v2_affected_people_refugees_persons_of_concern_get,GET,/api/v2/affected-people/refugees-persons-of-concern,asylum_location_code,query,string,False,information en lecture seule,information,"Filter the response by a location (typically a country). The location codes use the ISO-3 (ISO 3166 alpha-3) codes. See the <a href=""/docs#/Metadata/get_locations_api_v1_metadata_location_get"" target=""_blank"">location endpoint</a> for details.",True,False,False,provider OpenAPI/Swagger,https://hapi.humdata.org/openapi.json,,,,,
HDX Humanitarian API (HAPI),hdx-hapi,get_refugees_api_v2_affected_people_refugees_persons_of_concern_get,GET,/api/v2/affected-people/refugees-persons-of-concern,asylum_location_name,query,string,False,information en lecture seule,information,"Filter the response by a location (typically a country). The location names are based on the ""short name"" from the <a href=""https://unstats.un.org/unsd/methodology/m49/#fn2"">UN M49 Standard</a>. See the <a href=""/docs#/Metadata/get_locations_api_v1_metadata_location_get"" target=""_blank"">location endpoint</a> for details.",True,False,False,provider OpenAPI/Swagger,https://hapi.humdata.org/openapi.json,,,,,
HDX Humanitarian API (HAPI),hdx-hapi,get_refugees_api_v2_affected_people_refugees_persons_of_concern_get,GET,/api/v2/affected-people/refugees-persons-of-concern,end_date,query,string,False,information en lecture seule,information,"Filter entries to include rows where the reference period overlaps with or begins prior to this date, e.g. 2020, 2020-01, 2020-01-01, 2020-01-01 or 2020-01-01T23:59:59",True,False,False,provider OpenAPI/Swagger,https://hapi.humdata.org/openapi.json,,,,,
HDX Humanitarian API (HAPI),hdx-hapi,get_refugees_api_v2_affected_people_refugees_persons_of_concern_get,GET,/api/v2/affected-people/refugees-persons-of-concern,gender,query,string,False,information en lecture seule,information,"Filter the response by the gender, available values are described <a href=""https://hdx-hapi.readthedocs.io/en/latest/data_usage_guides/enums/#gender"">here.</a>",True,False,False,provider OpenAPI/Swagger,https://hapi.humdata.org/openapi.json,,,,,
HDX Humanitarian API (HAPI),hdx-hapi,get_refugees_api_v2_affected_people_refugees_persons_of_concern_get,GET,/api/v2/affected-people/refugees-persons-of-concern,limit,query,integer,False,information en lecture seule,information,"Maximum number of records to return. The system will not return more than 10,000 records.",True,False,False,provider OpenAPI/Swagger,https://hapi.humdata.org/openapi.json,10000,,0,10000,
HDX Humanitarian API (HAPI),hdx-hapi,get_refugees_api_v2_affected_people_refugees_persons_of_concern_get,GET,/api/v2/affected-people/refugees-persons-of-concern,offset,query,integer,False,information en lecture seule,information,Number of records to skip in the response. Use in conjunction with the limit parameter to paginate.,True,False,False,provider OpenAPI/Swagger,https://hapi.humdata.org/openapi.json,0,,0,,
HDX Humanitarian API (HAPI),hdx-hapi,get_refugees_api_v2_affected_people_refugees_persons_of_concern_get,GET,/api/v2/affected-people/refugees-persons-of-concern,origin_has_hrp,query,string,False,information en lecture seule,information,Filter the response by the has_hrp flag. The has_hrp flag indicates whether a country has a Humanitarian Response Plan.,True,False,False,provider OpenAPI/Swagger,https://hapi.humdata.org/openapi.json,,,,,
HDX Humanitarian API (HAPI),hdx-hapi,get_refugees_api_v2_affected_people_refugees_persons_of_concern_get,GET,/api/v2/affected-people/refugees-persons-of-concern,origin_in_gho,query,string,False,information en lecture seule,information,"Filter the response by the in_gho flag. The in_gho flag indicates whether a country is in the <a href=""https://humanitarianaction.info/"">Global Humanitarian Overview</a>.",True,False,False,provider OpenAPI/Swagger,https://hapi.humdata.org/openapi.json,,,,,
HDX Humanitarian API (HAPI),hdx-hapi,get_refugees_api_v2_affected_people_refugees_persons_of_concern_get,GET,/api/v2/affected-people/refugees-persons-of-concern,origin_location_code,query,string,False,information en lecture seule,information,"Filter the response by a location (typically a country). The location codes use the ISO-3 (ISO 3166 alpha-3) codes. See the <a href=""/docs#/Metadata/get_locations_api_v1_metadata_location_get"" target=""_blank"">location endpoint</a> for details.",True,False,False,provider OpenAPI/Swagger,https://hapi.humdata.org/openapi.json,,,,,
HDX Humanitarian API (HAPI),hdx-hapi,get_refugees_api_v2_affected_people_refugees_persons_of_concern_get,GET,/api/v2/affected-people/refugees-persons-of-concern,origin_location_name,query,string,False,information en lecture seule,information,"Filter the response by a location (typically a country). The location names are based on the ""short name"" from the <a href=""https://unstats.un.org/unsd/methodology/m49/#fn2"">UN M49 Standard</a>. See the <a href=""/docs#/Metadata/get_locations_api_v1_metadata_location_get"" target=""_blank"">location endpoint</a> for details.",True,False,False,provider OpenAPI/Swagger,https://hapi.humdata.org/openapi.json,,,,,
HDX Humanitarian API (HAPI),hdx-hapi,get_refugees_api_v2_affected_people_refugees_persons_of_concern_get,GET,/api/v2/affected-people/refugees-persons-of-concern,output_format,query,string,False,information en lecture seule,information,,True,False,False,provider OpenAPI/Swagger,https://hapi.humdata.org/openapi.json,,"['csv', 'json']",,,
HDX Humanitarian API (HAPI),hdx-hapi,get_refugees_api_v2_affected_people_refugees_persons_of_concern_get,GET,/api/v2/affected-people/refugees-persons-of-concern,population_group,query,string,False,information en lecture seule,information,"Filter the response by the population group, available values are described <a href=""https://hdx-hapi.readthedocs.io/en/latest/data_usage_guides/enums/#population-group"">here.</a>",True,False,False,provider OpenAPI/Swagger,https://hapi.humdata.org/openapi.json,,,,,
HDX Humanitarian API (HAPI),hdx-hapi,get_refugees_api_v2_affected_people_refugees_persons_of_concern_get,GET,/api/v2/affected-people/refugees-persons-of-concern,population_max,query,string,False,information en lecture seule,information,Filter the response by a upper bound for the population.,True,False,False,provider OpenAPI/Swagger,https://hapi.humdata.org/openapi.json,,,,,
HDX Humanitarian API (HAPI),hdx-hapi,get_refugees_api_v2_affected_people_refugees_persons_of_concern_get,GET,/api/v2/affected-people/refugees-persons-of-concern,population_min,query,string,False,information en lecture seule,information,Filter the response by a lower bound for the population.,True,False,False,provider OpenAPI/Swagger,https://hapi.humdata.org/openapi.json,,,,,
HDX Humanitarian API (HAPI),hdx-hapi,get_refugees_api_v2_affected_people_refugees_persons_of_concern_get,GET,/api/v2/affected-people/refugees-persons-of-concern,start_date,query,string,False,information en lecture seule,information,"Filter entries to include rows where the reference period overlaps with or extends beyond this date, e.g. 2020, 2020-01, 2020-01-01 or 2020-01-01T00:00:00",True,False,False,provider OpenAPI/Swagger,https://hapi.humdata.org/openapi.json,,,,,
HDX Humanitarian API (HAPI),hdx-hapi,get_resources_api_v2_metadata_resource_get,GET,/api/v2/metadata/resource,app_identifier,query,string,True,information en lecture seule,information,"base64 encoded application name and email, as in `base64(""app_name:email"")`. This value can also be passed in the `X-HDX-HAPI-APP-IDENTIFIER` header. See the *encoded_app_identifier* endpoint.",True,False,False,provider OpenAPI/Swagger,https://hapi.humdata.org/openapi.json,,,,,
HDX Humanitarian API (HAPI),hdx-hapi,get_resources_api_v2_metadata_resource_get,GET,/api/v2/metadata/resource,dataset_hdx_id,query,string,False,information en lecture seule,information,"Filter the response by the dataset ID (dataset_hdx_id), which is a unique and fixed identifier of a dataset on HDX. A URL in the pattern of `https://data.humdata.org/dataset/[dataset_hdx_id]` will load the dataset page on HDX. See the <a href=""/docs#/Metadata/get_dataset_api_v1_metadata_dataset_get"" target=""_blank"">dataset endpoint</a> for details. ",True,False,False,provider OpenAPI/Swagger,https://hapi.humdata.org/openapi.json,,,,,
HDX Humanitarian API (HAPI),hdx-hapi,get_resources_api_v2_metadata_resource_get,GET,/api/v2/metadata/resource,dataset_hdx_provider_name,query,string,False,information en lecture seule,information,Filter the response by the display name of the provider (organization) of the dataset on HDX.,True,False,False,provider OpenAPI/Swagger,https://hapi.humdata.org/openapi.json,,,,,
HDX Humanitarian API (HAPI),hdx-hapi,get_resources_api_v2_metadata_resource_get,GET,/api/v2/metadata/resource,dataset_hdx_provider_stub,query,string,False,information en lecture seule,information,Filter the response by the URL-safe name of the provider (organization) of the dataset on HDX. A URL in the pattern of `https://data.humdata.org/organization/[dataset_hdx_provider_stub]` will load the provider's page on HDX.,True,False,False,provider OpenAPI/Swagger,https://hapi.humdata.org/openapi.json,,,,,
HDX Humanitarian API (HAPI),hdx-hapi,get_resources_api_v2_metadata_resource_get,GET,/api/v2/metadata/resource,dataset_hdx_stub,query,string,False,information en lecture seule,information,"Filter the response by the URL-safe name (dataset_hdx_stub) of the dataset as displayed on HDX. This name is unique but can change. A URL in the pattern of `https://data.humdata.org/dataset/[dataset_hdx_stub]` will load the dataset page on HDX. See the <a href=""/docs#/Metadata/get_dataset_api_v1_metadata_dataset_get"" target=""_blank"">dataset endpoint</a> for details.",True,False,False,provider OpenAPI/Swagger,https://hapi.humdata.org/openapi.json,,,,,
HDX Humanitarian API (HAPI),hdx-hapi,get_resources_api_v2_metadata_resource_get,GET,/api/v2/metadata/resource,dataset_hdx_title,query,string,False,information en lecture seule,information,"Filter the response by the title of the dataset as it appears in the HDX interface. This name is not unique and can change. See the <a href=""/docs#/Metadata/get_dataset_api_v1_metadata_dataset_get"" target=""_blank"">dataset endpoint</a> for details.",True,False,False,provider OpenAPI/Swagger,https://hapi.humdata.org/openapi.json,,,,,
HDX Humanitarian API (HAPI),hdx-hapi,get_resources_api_v2_metadata_resource_get,GET,/api/v2/metadata/resource,format,query,string,False,information en lecture seule,information,"Filter the response by the format of the resource on HDX. These are typically file formats (i.e. CSV, XLSX), but can also include APIs and web apps.",True,False,False,provider OpenAPI/Swagger,https://hapi.humdata.org/openapi.json,,,,,
HDX Humanitarian API (HAPI),hdx-hapi,get_resources_api_v2_metadata_resource_get,GET,/api/v2/metadata/resource,is_hxl,query,string,False,information en lecture seule,information,"Filter the response by whether or not the resource contains <a href=""https://hxlstandard.org/"">HXL tags</a>.",True,False,False,provider OpenAPI/Swagger,https://hapi.humdata.org/openapi.json,,,,,
HDX Humanitarian API (HAPI),hdx-hapi,get_resources_api_v2_metadata_resource_get,GET,/api/v2/metadata/resource,limit,query,integer,False,information en lecture seule,information,"Maximum number of records to return. The system will not return more than 10,000 records.",True,False,False,provider OpenAPI/Swagger,https://hapi.humdata.org/openapi.json,10000,,0,10000,
HDX Humanitarian API (HAPI),hdx-hapi,get_resources_api_v2_metadata_resource_get,GET,/api/v2/metadata/resource,offset,query,integer,False,information en lecture seule,information,Number of records to skip in the response. Use in conjunction with the limit parameter to paginate.,True,False,False,provider OpenAPI/Swagger,https://hapi.humdata.org/openapi.json,0,,0,,
HDX Humanitarian API (HAPI),hdx-hapi,get_resources_api_v2_metadata_resource_get,GET,/api/v2/metadata/resource,output_format,query,string,False,information en lecture seule,information,,True,False,False,provider OpenAPI/Swagger,https://hapi.humdata.org/openapi.json,,"['csv', 'json']",,,
HDX Humanitarian API (HAPI),hdx-hapi,get_resources_api_v2_metadata_resource_get,GET,/api/v2/metadata/resource,resource_hdx_id,query,string,False,information en lecture seule,information,"Filter the response by the resource ID, which is a unique and fixed identifier of a resource on HDX. A URL in the pattern of `https://data.humdata.org/dataset/[dataset_hdx_id]/resource/[resource_hdx_id]` will load the resource page on HDX.",True,False,False,provider OpenAPI/Swagger,https://hapi.humdata.org/openapi.json,,,,,
HDX Humanitarian API (HAPI),hdx-hapi,get_resources_api_v2_metadata_resource_get,GET,/api/v2/metadata/resource,update_date_max,query,string,False,information en lecture seule,information,"Maximum date that datasets was last updated, e.g. 2020-01-01 or 2020-01-01T00:00:00",True,False,False,provider OpenAPI/Swagger,https://hapi.humdata.org/openapi.json,,,,,
HDX Humanitarian API (HAPI),hdx-hapi,get_resources_api_v2_metadata_resource_get,GET,/api/v2/metadata/resource,update_date_min,query,string,False,information en lecture seule,information,"Minimum date that datasets was last updated, e.g. 2020-01-01 or 2020-01-01T00:00:00",True,False,False,provider OpenAPI/Swagger,https://hapi.humdata.org/openapi.json,,,,,
HDX Humanitarian API (HAPI),hdx-hapi,get_returnees_api_v2_affected_people_returnees_get,GET,/api/v2/affected-people/returnees,age_range,query,string,False,information en lecture seule,information,"Filter the response by the age range. These are expressed as [start age]-[end age], or [start age]+ for an age range starting at [start age] or above. The end age is assumed to be inclusive, though that is not always explicit in the source data.",True,False,False,provider OpenAPI/Swagger,https://hapi.humdata.org/openapi.json,,,,,
HDX Humanitarian API (HAPI),hdx-hapi,get_returnees_api_v2_affected_people_returnees_get,GET,/api/v2/affected-people/returnees,app_identifier,query,string,True,information en lecture seule,information,"base64 encoded application name and email, as in `base64(""app_name:email"")`. This value can also be passed in the `X-HDX-HAPI-APP-IDENTIFIER` header. See the *encoded_app_identifier* endpoint.",True,False,False,provider OpenAPI/Swagger,https://hapi.humdata.org/openapi.json,,,,,
HDX Humanitarian API (HAPI),hdx-hapi,get_returnees_api_v2_affected_people_returnees_get,GET,/api/v2/affected-people/returnees,asylum_has_hrp,query,string,False,information en lecture seule,information,Filter the response by the has_hrp flag. The has_hrp flag indicates whether a country has a Humanitarian Response Plan.,True,False,False,provider OpenAPI/Swagger,https://hapi.humdata.org/openapi.json,,,,,
HDX Humanitarian API (HAPI),hdx-hapi,get_returnees_api_v2_affected_people_returnees_get,GET,/api/v2/affected-people/returnees,asylum_in_gho,query,string,False,information en lecture seule,information,"Filter the response by the in_gho flag. The in_gho flag indicates whether a country is in the <a href=""https://humanitarianaction.info/"">Global Humanitarian Overview</a>.",True,False,False,provider OpenAPI/Swagger,https://hapi.humdata.org/openapi.json,,,,,
HDX Humanitarian API (HAPI),hdx-hapi,get_returnees_api_v2_affected_people_returnees_get,GET,/api/v2/affected-people/returnees,asylum_location_code,query,string,False,information en lecture seule,information,"Filter the response by a location (typically a country). The location codes use the ISO-3 (ISO 3166 alpha-3) codes. See the <a href=""/docs#/Metadata/get_locations_api_v1_metadata_location_get"" target=""_blank"">location endpoint</a> for details.",True,False,False,provider OpenAPI/Swagger,https://hapi.humdata.org/openapi.json,,,,,
HDX Humanitarian API (HAPI),hdx-hapi,get_returnees_api_v2_affected_people_returnees_get,GET,/api/v2/affected-people/returnees,asylum_location_name,query,string,False,information en lecture seule,information,"Filter the response by a location (typically a country). The location names are based on the ""short name"" from the <a href=""https://unstats.un.org/unsd/methodology/m49/#fn2"">UN M49 Standard</a>. See the <a href=""/docs#/Metadata/get_locations_api_v1_metadata_location_get"" target=""_blank"">location endpoint</a> for details.",True,False,False,provider OpenAPI/Swagger,https://hapi.humdata.org/openapi.json,,,,,
HDX Humanitarian API (HAPI),hdx-hapi,get_returnees_api_v2_affected_people_returnees_get,GET,/api/v2/affected-people/returnees,end_date,query,string,False,information en lecture seule,information,"Filter entries to include rows where the reference period overlaps with or begins prior to this date, e.g. 2020, 2020-01, 2020-01-01, 2020-01-01 or 2020-01-01T23:59:59",True,False,False,provider OpenAPI/Swagger,https://hapi.humdata.org/openapi.json,,,,,
HDX Humanitarian API (HAPI),hdx-hapi,get_returnees_api_v2_affected_people_returnees_get,GET,/api/v2/affected-people/returnees,gender,query,string,False,information en lecture seule,information,"Filter the response by the gender, available values are described <a href=""https://hdx-hapi.readthedocs.io/en/latest/data_usage_guides/enums/#gender"">here.</a>",True,False,False,provider OpenAPI/Swagger,https://hapi.humdata.org/openapi.json,,,,,
HDX Humanitarian API (HAPI),hdx-hapi,get_returnees_api_v2_affected_people_returnees_get,GET,/api/v2/affected-people/returnees,limit,query,integer,False,information en lecture seule,information,"Maximum number of records to return. The system will not return more than 10,000 records.",True,False,False,provider OpenAPI/Swagger,https://hapi.humdata.org/openapi.json,10000,,0,10000,
HDX Humanitarian API (HAPI),hdx-hapi,get_returnees_api_v2_affected_people_returnees_get,GET,/api/v2/affected-people/returnees,max_age,query,string,False,information en lecture seule,information,"The maximum age from `age_range`, set to `null` if `age_range` is ""all"" and there is no age disaggregation, or if there is no upper limit to the age range",True,False,False,provider OpenAPI/Swagger,https://hapi.humdata.org/openapi.json,,,,,
HDX Humanitarian API (HAPI),hdx-hapi,get_returnees_api_v2_affected_people_returnees_get,GET,/api/v2/affected-people/returnees,min_age,query,string,False,information en lecture seule,information,"The minimum age from `age_range`, set to `null` if `age_range` is ""all"" and there is no age disaggregation",True,False,False,provider OpenAPI/Swagger,https://hapi.humdata.org/openapi.json,,,,,
HDX Humanitarian API (HAPI),hdx-hapi,get_returnees_api_v2_affected_people_returnees_get,GET,/api/v2/affected-people/returnees,offset,query,integer,False,information en lecture seule,information,Number of records to skip in the response. Use in conjunction with the limit parameter to paginate.,True,False,False,provider OpenAPI/Swagger,https://hapi.humdata.org/openapi.json,0,,0,,
HDX Humanitarian API (HAPI),hdx-hapi,get_returnees_api_v2_affected_people_returnees_get,GET,/api/v2/affected-people/returnees,origin_has_hrp,query,string,False,information en lecture seule,information,Filter the response by the has_hrp flag. The has_hrp flag indicates whether a country has a Humanitarian Response Plan.,True,False,False,provider OpenAPI/Swagger,https://hapi.humdata.org/openapi.json,,,,,
HDX Humanitarian API (HAPI),hdx-hapi,get_returnees_api_v2_affected_people_returnees_get,GET,/api/v2/affected-people/returnees,origin_in_gho,query,string,False,information en lecture seule,information,"Filter the response by the in_gho flag. The in_gho flag indicates whether a country is in the <a href=""https://humanitarianaction.info/"">Global Humanitarian Overview</a>.",True,False,False,provider OpenAPI/Swagger,https://hapi.humdata.org/openapi.json,,,,,
HDX Humanitarian API (HAPI),hdx-hapi,get_returnees_api_v2_affected_people_returnees_get,GET,/api/v2/affected-people/returnees,origin_location_code,query,string,False,information en lecture seule,information,"Filter the response by a location (typically a country). The location codes use the ISO-3 (ISO 3166 alpha-3) codes. See the <a href=""/docs#/Metadata/get_locations_api_v1_metadata_location_get"" target=""_blank"">location endpoint</a> for details.",True,False,False,provider OpenAPI/Swagger,https://hapi.humdata.org/openapi.json,,,,,
HDX Humanitarian API (HAPI),hdx-hapi,get_returnees_api_v2_affected_people_returnees_get,GET,/api/v2/affected-people/returnees,origin_location_name,query,string,False,information en lecture seule,information,"Filter the response by a location (typically a country). The location names are based on the ""short name"" from the <a href=""https://unstats.un.org/unsd/methodology/m49/#fn2"">UN M49 Standard</a>. See the <a href=""/docs#/Metadata/get_locations_api_v1_metadata_location_get"" target=""_blank"">location endpoint</a> for details.",True,False,False,provider OpenAPI/Swagger,https://hapi.humdata.org/openapi.json,,,,,
HDX Humanitarian API (HAPI),hdx-hapi,get_returnees_api_v2_affected_people_returnees_get,GET,/api/v2/affected-people/returnees,output_format,query,string,False,information en lecture seule,information,,True,False,False,provider OpenAPI/Swagger,https://hapi.humdata.org/openapi.json,,"['csv', 'json']",,,
HDX Humanitarian API (HAPI),hdx-hapi,get_returnees_api_v2_affected_people_returnees_get,GET,/api/v2/affected-people/returnees,population_group,query,string,False,information en lecture seule,information,"Filter the response by the population group, available values are described <a href=""https://hdx-hapi.readthedocs.io/en/latest/data_usage_guides/enums/#population-group"">here.</a>",True,False,False,provider OpenAPI/Swagger,https://hapi.humdata.org/openapi.json,,,,,
HDX Humanitarian API (HAPI),hdx-hapi,get_returnees_api_v2_affected_people_returnees_get,GET,/api/v2/affected-people/returnees,start_date,query,string,False,information en lecture seule,information,"Filter entries to include rows where the reference period overlaps with or extends beyond this date, e.g. 2020, 2020-01, 2020-01-01 or 2020-01-01T00:00:00",True,False,False,provider OpenAPI/Swagger,https://hapi.humdata.org/openapi.json,,,,,
HDX Humanitarian API (HAPI),hdx-hapi,get_sector_api_v2_metadata_sector_get,GET,/api/v2/metadata/sector,app_identifier,query,string,True,information en lecture seule,information,"base64 encoded application name and email, as in `base64(""app_name:email"")`. This value can also be passed in the `X-HDX-HAPI-APP-IDENTIFIER` header. See the *encoded_app_identifier* endpoint.",True,False,False,provider OpenAPI/Swagger,https://hapi.humdata.org/openapi.json,,,,,
HDX Humanitarian API (HAPI),hdx-hapi,get_sector_api_v2_metadata_sector_get,GET,/api/v2/metadata/sector,code,query,string,False,information en lecture seule,information,Filter the response by the sector code.,True,False,False,provider OpenAPI/Swagger,https://hapi.humdata.org/openapi.json,,,,,
HDX Humanitarian API (HAPI),hdx-hapi,get_sector_api_v2_metadata_sector_get,GET,/api/v2/metadata/sector,limit,query,integer,False,information en lecture seule,information,"Maximum number of records to return. The system will not return more than 10,000 records.",True,False,False,provider OpenAPI/Swagger,https://hapi.humdata.org/openapi.json,10000,,0,10000,
HDX Humanitarian API (HAPI),hdx-hapi,get_sector_api_v2_metadata_sector_get,GET,/api/v2/metadata/sector,name,query,string,False,information en lecture seule,information,Filter the response by the sector name.,True,False,False,provider OpenAPI/Swagger,https://hapi.humdata.org/openapi.json,,,,,
HDX Humanitarian API (HAPI),hdx-hapi,get_sector_api_v2_metadata_sector_get,GET,/api/v2/metadata/sector,offset,query,integer,False,information en lecture seule,information,Number of records to skip in the response. Use in conjunction with the limit parameter to paginate.,True,False,False,provider OpenAPI/Swagger,https://hapi.humdata.org/openapi.json,0,,0,,
HDX Humanitarian API (HAPI),hdx-hapi,get_sector_api_v2_metadata_sector_get,GET,/api/v2/metadata/sector,output_format,query,string,False,information en lecture seule,information,,True,False,False,provider OpenAPI/Swagger,https://hapi.humdata.org/openapi.json,,"['csv', 'json']",,,
HDX Humanitarian API (HAPI),hdx-hapi,get_wfp_commodities_api_v2_metadata_wfp_commodity_get,GET,/api/v2/metadata/wfp-commodity,app_identifier,query,string,True,information en lecture seule,information,"base64 encoded application name and email, as in `base64(""app_name:email"")`. This value can also be passed in the `X-HDX-HAPI-APP-IDENTIFIER` header. See the *encoded_app_identifier* endpoint.",True,False,False,provider OpenAPI/Swagger,https://hapi.humdata.org/openapi.json,,,,,
HDX Humanitarian API (HAPI),hdx-hapi,get_wfp_commodities_api_v2_metadata_wfp_commodity_get,GET,/api/v2/metadata/wfp-commodity,category,query,string,False,information en lecture seule,information,"Filter the response by the food group that the commodity belongs to, available values are described <a href=""https://hdx-hapi.readthedocs.io/en/latest/data_usage_guides/enums/#commodity-category"">here.</a>",True,False,False,provider OpenAPI/Swagger,https://hapi.humdata.org/openapi.json,,,,,
HDX Humanitarian API (HAPI),hdx-hapi,get_wfp_commodities_api_v2_metadata_wfp_commodity_get,GET,/api/v2/metadata/wfp-commodity,code,query,string,False,information en lecture seule,information,Filter the response by the unique code identifying the commodity.,True,False,False,provider OpenAPI/Swagger,https://hapi.humdata.org/openapi.json,,,,,
HDX Humanitarian API (HAPI),hdx-hapi,get_wfp_commodities_api_v2_metadata_wfp_commodity_get,GET,/api/v2/metadata/wfp-commodity,limit,query,integer,False,information en lecture seule,information,"Maximum number of records to return. The system will not return more than 10,000 records.",True,False,False,provider OpenAPI/Swagger,https://hapi.humdata.org/openapi.json,10000,,0,10000,
HDX Humanitarian API (HAPI),hdx-hapi,get_wfp_commodities_api_v2_metadata_wfp_commodity_get,GET,/api/v2/metadata/wfp-commodity,name,query,string,False,information en lecture seule,information,Filter the response by the name of the commodity.,True,False,False,provider OpenAPI/Swagger,https://hapi.humdata.org/openapi.json,,,,,
HDX Humanitarian API (HAPI),hdx-hapi,get_wfp_commodities_api_v2_metadata_wfp_commodity_get,GET,/api/v2/metadata/wfp-commodity,offset,query,integer,False,information en lecture seule,information,Number of records to skip in the response. Use in conjunction with the limit parameter to paginate.,True,False,False,provider OpenAPI/Swagger,https://hapi.humdata.org/openapi.json,0,,0,,
HDX Humanitarian API (HAPI),hdx-hapi,get_wfp_commodities_api_v2_metadata_wfp_commodity_get,GET,/api/v2/metadata/wfp-commodity,output_format,query,string,False,information en lecture seule,information,,True,False,False,provider OpenAPI/Swagger,https://hapi.humdata.org/openapi.json,,"['csv', 'json']",,,
HDX Humanitarian API (HAPI),hdx-hapi,get_wfp_market_api_v2_metadata_wfp_market_get,GET,/api/v2/metadata/wfp-market,admin1_code,query,string,False,information en lecture seule,information,"Filter the response by the 1st subnational administrative divisions. The admin1 codes refer to the p-codes in the <a href=""https://data.humdata.org/dashboards/cod?"">Common Operational Datasets</a>. See the <a href=""/docs#/Metadata/get_admin1_api_v1_metadata_admin1_get"" target=""_blank"">admin1 endpoint</a> for details.",True,False,False,provider OpenAPI/Swagger,https://hapi.humdata.org/openapi.json,,,,,
HDX Humanitarian API (HAPI),hdx-hapi,get_wfp_market_api_v2_metadata_wfp_market_get,GET,/api/v2/metadata/wfp-market,admin1_name,query,string,False,information en lecture seule,information,"Filter the response by the 1st subnational administrative divisions. The admin1 names refer to either the <a href=""https://data.humdata.org/dashboards/cod?"">Common Operational Datasets</a> or those provided in the original data source. See the <a href=""/docs#/Metadata/get_admin1_api_v1_metadata_admin1_get"" target=""_blank"">admin1 endpoint</a> for details.",True,False,False,provider OpenAPI/Swagger,https://hapi.humdata.org/openapi.json,,,,,
HDX Humanitarian API (HAPI),hdx-hapi,get_wfp_market_api_v2_metadata_wfp_market_get,GET,/api/v2/metadata/wfp-market,admin2_code,query,string,False,information en lecture seule,information,"Filter the response by the 2nd subnational administrative divisions. The admin2 codes refer to the p-codes in the <a href=""https://data.humdata.org/dashboards/cod?"">Common Operational Datasets</a>. See the <a href=""/docs#/Metadata/get_admin2_api_v1_metadata_admin2_get"" target=""_blank"">admin2 endpoint</a> for details.",True,False,False,provider OpenAPI/Swagger,https://hapi.humdata.org/openapi.json,,,,,
HDX Humanitarian API (HAPI),hdx-hapi,get_wfp_market_api_v2_metadata_wfp_market_get,GET,/api/v2/metadata/wfp-market,admin2_name,query,string,False,information en lecture seule,information,"Filter the response by the 2nd subnational administrative divisions. The admin2 names refer to either the <a href=""https://data.humdata.org/dashboards/cod?"">Common Operational Datasets</a> or those provided in the original data source. See the <a href=""/docs#/Metadata/get_admin2_api_v1_metadata_admin2_get"" target=""_blank"">admin2 endpoint</a> for details.",True,False,False,provider OpenAPI/Swagger,https://hapi.humdata.org/openapi.json,,,,,
HDX Humanitarian API (HAPI),hdx-hapi,get_wfp_market_api_v2_metadata_wfp_market_get,GET,/api/v2/metadata/wfp-market,admin_level,query,string,False,information en lecture seule,information,Filter the response by admin level.,True,False,False,provider OpenAPI/Swagger,https://hapi.humdata.org/openapi.json,,,,,
HDX Humanitarian API (HAPI),hdx-hapi,get_wfp_market_api_v2_metadata_wfp_market_get,GET,/api/v2/metadata/wfp-market,app_identifier,query,string,True,information en lecture seule,information,"base64 encoded application name and email, as in `base64(""app_name:email"")`. This value can also be passed in the `X-HDX-HAPI-APP-IDENTIFIER` header. See the *encoded_app_identifier* endpoint.",True,False,False,provider OpenAPI/Swagger,https://hapi.humdata.org/openapi.json,,,,,
HDX Humanitarian API (HAPI),hdx-hapi,get_wfp_market_api_v2_metadata_wfp_market_get,GET,/api/v2/metadata/wfp-market,code,query,string,False,information en lecture seule,information,Filter the response by the unique code identifying the market.,True,False,False,provider OpenAPI/Swagger,https://hapi.humdata.org/openapi.json,,,,,
HDX Humanitarian API (HAPI),hdx-hapi,get_wfp_market_api_v2_metadata_wfp_market_get,GET,/api/v2/metadata/wfp-market,has_hrp,query,string,False,information en lecture seule,information,Filter the response by the has_hrp flag. The has_hrp flag indicates whether a country has a Humanitarian Response Plan.,True,False,False,provider OpenAPI/Swagger,https://hapi.humdata.org/openapi.json,,,,,
HDX Humanitarian API (HAPI),hdx-hapi,get_wfp_market_api_v2_metadata_wfp_market_get,GET,/api/v2/metadata/wfp-market,in_gho,query,string,False,information en lecture seule,information,"Filter the response by the in_gho flag. The in_gho flag indicates whether a country is in the <a href=""https://humanitarianaction.info/"">Global Humanitarian Overview</a>.",True,False,False,provider OpenAPI/Swagger,https://hapi.humdata.org/openapi.json,,,,,
HDX Humanitarian API (HAPI),hdx-hapi,get_wfp_market_api_v2_metadata_wfp_market_get,GET,/api/v2/metadata/wfp-market,limit,query,integer,False,information en lecture seule,information,"Maximum number of records to return. The system will not return more than 10,000 records.",True,False,False,provider OpenAPI/Swagger,https://hapi.humdata.org/openapi.json,10000,,0,10000,
HDX Humanitarian API (HAPI),hdx-hapi,get_wfp_market_api_v2_metadata_wfp_market_get,GET,/api/v2/metadata/wfp-market,location_code,query,string,False,information en lecture seule,information,"Filter the response by a location (typically a country). The location codes use the ISO-3 (ISO 3166 alpha-3) codes. See the <a href=""/docs#/Metadata/get_locations_api_v1_metadata_location_get"" target=""_blank"">location endpoint</a> for details.",True,False,False,provider OpenAPI/Swagger,https://hapi.humdata.org/openapi.json,,,,,
HDX Humanitarian API (HAPI),hdx-hapi,get_wfp_market_api_v2_metadata_wfp_market_get,GET,/api/v2/metadata/wfp-market,location_name,query,string,False,information en lecture seule,information,"Filter the response by a location (typically a country). The location names are based on the ""short name"" from the <a href=""https://unstats.un.org/unsd/methodology/m49/#fn2"">UN M49 Standard</a>. See the <a href=""/docs#/Metadata/get_locations_api_v1_metadata_location_get"" target=""_blank"">location endpoint</a> for details.",True,False,False,provider OpenAPI/Swagger,https://hapi.humdata.org/openapi.json,,,,,
HDX Humanitarian API (HAPI),hdx-hapi,get_wfp_market_api_v2_metadata_wfp_market_get,GET,/api/v2/metadata/wfp-market,name,query,string,False,information en lecture seule,information,Filter the response by the name of the market.,True,False,False,provider OpenAPI/Swagger,https://hapi.humdata.org/openapi.json,,,,,
HDX Humanitarian API (HAPI),hdx-hapi,get_wfp_market_api_v2_metadata_wfp_market_get,GET,/api/v2/metadata/wfp-market,offset,query,integer,False,information en lecture seule,information,Number of records to skip in the response. Use in conjunction with the limit parameter to paginate.,True,False,False,provider OpenAPI/Swagger,https://hapi.humdata.org/openapi.json,0,,0,,
HDX Humanitarian API (HAPI),hdx-hapi,get_wfp_market_api_v2_metadata_wfp_market_get,GET,/api/v2/metadata/wfp-market,output_format,query,string,False,information en lecture seule,information,,True,False,False,provider OpenAPI/Swagger,https://hapi.humdata.org/openapi.json,,"['csv', 'json']",,,
ReliefWeb,reliefweb,Configuration globale HDP,CONFIG,https://api.reliefweb.int/v2/reports,accept_language,configuration globale,string,False,liste de sélection,modifiable,,False,True,False,source_registry:global,https://apidoc.reliefweb.int/parameters,en,"['en', 'fr', 'es', 'ar', 'zh']",,,
ReliefWeb,reliefweb,Configuration globale HDP,CONFIG,https://api.reliefweb.int/v2/reports,application_identifier_source,configuration globale,string,False,information en lecture seule,information,Nom de variable d’environnement ; sa valeur n’est jamais exposée.,True,False,False,source_registry:global,https://apidoc.reliefweb.int/parameters,RELIEFWEB_APPNAME,['RELIEFWEB_APPNAME'],,,
ReliefWeb,reliefweb,Configuration globale HDP,CONFIG,https://api.reliefweb.int/v2/reports,backoff_seconds,configuration globale,integer,False,champ numérique,modifiable,,False,True,False,source_registry:global,https://apidoc.reliefweb.int/parameters,2,,1,60,
ReliefWeb,reliefweb,Configuration globale HDP,CONFIG,https://api.reliefweb.int/v2/reports,connect_timeout_seconds,configuration globale,integer,False,champ numérique,modifiable,Délai maximal consacré à l’établissement de la connexion HTTPS.,False,True,False,source_registry:global,https://apidoc.reliefweb.int/parameters,20,,3,60,
ReliefWeb,reliefweb,Configuration globale HDP,CONFIG,https://api.reliefweb.int/v2/reports,enabled,configuration globale,boolean,False,case à cocher,modifiable,,False,True,False,source_registry:global,https://apidoc.reliefweb.int/parameters,True,,,,
ReliefWeb,reliefweb,Configuration globale HDP,CONFIG,https://api.reliefweb.int/v2/reports,max_response_bytes,configuration globale,integer,False,champ numérique,modifiable,"La réponse JSON est refusée au-delà de cette limite, avant décodage.",False,True,False,source_registry:global,https://apidoc.reliefweb.int/parameters,25000000,,100000,200000000,
ReliefWeb,reliefweb,Configuration globale HDP,CONFIG,https://api.reliefweb.int/v2/reports,resource_type,configuration globale,string,False,information en lecture seule,information,,True,False,False,source_registry:global,https://apidoc.reliefweb.int/parameters,reports,['reports'],,,
ReliefWeb,reliefweb,Configuration globale HDP,CONFIG,https://api.reliefweb.int/v2/reports,retry_count,configuration globale,integer,False,champ numérique,modifiable,,False,True,False,source_registry:global,https://apidoc.reliefweb.int/parameters,2,,0,5,
ReliefWeb,reliefweb,Configuration globale HDP,CONFIG,https://api.reliefweb.int/v2/reports,timeout_seconds,configuration globale,integer,False,champ numérique,modifiable,,False,True,False,source_registry:global,https://apidoc.reliefweb.int/parameters,40,,5,180,
ReliefWeb,reliefweb,Configuration globale HDP,CONFIG,https://api.reliefweb.int/v2/reports,user_agent,configuration globale,string,False,champ texte / mots-clés,modifiable,Identifie clairement le client HDP auprès du fournisseur de données.,False,True,False,source_registry:global,https://apidoc.reliefweb.int/parameters,HDP/6.0.0,,,,
ReliefWeb,reliefweb,Recherche / paramètres projet HDP,GET,https://api.reliefweb.int/v2/reports,auto_download,interface projet,boolean,True,case à cocher,modifiable,,False,True,False,source_registry:project,https://apidoc.reliefweb.int/parameters,False,,,,
ReliefWeb,reliefweb,Recherche / paramètres projet HDP,GET,https://api.reliefweb.int/v2/reports,date_from,interface projet,string,False,champ texte / mots-clés,modifiable,Critère commun ISO 8601. Filtré après normalisation si l’API ne l’expose pas nativement.,False,True,False,source_registry:project,https://apidoc.reliefweb.int/parameters,,,,,^$|^\d{4}-\d{2}-\d{2}$
ReliefWeb,reliefweb,Recherche / paramètres projet HDP,GET,https://api.reliefweb.int/v2/reports,date_to,interface projet,string,False,champ texte / mots-clés,modifiable,Critère commun ISO 8601 inclusif.,False,True,False,source_registry:project,https://apidoc.reliefweb.int/parameters,,,,,^$|^\d{4}-\d{2}-\d{2}$
ReliefWeb,reliefweb,Recherche / paramètres projet HDP,GET,https://api.reliefweb.int/v2/reports,location,interface projet,string,False,champ texte / mots-clés,modifiable,"Pays, territoire, zone ou lieu recherché dans les métadonnées normalisées.",False,True,False,source_registry:project,https://apidoc.reliefweb.int/parameters,,,,,
ReliefWeb,reliefweb,Recherche / paramètres projet HDP,GET,https://api.reliefweb.int/v2/reports,offset,interface projet,integer,False,champ numérique,modifiable,,False,True,False,source_registry:project,https://apidoc.reliefweb.int/parameters,0,,0,10000,
ReliefWeb,reliefweb,Recherche / paramètres projet HDP,GET,https://api.reliefweb.int/v2/reports,preset,interface projet,string,False,champ texte / mots-clés,modifiable,,False,True,False,source_registry:project,https://apidoc.reliefweb.int/parameters,latest,,,,
ReliefWeb,reliefweb,Recherche / paramètres projet HDP,GET,https://api.reliefweb.int/v2/reports,profile,interface projet,string,False,liste de sélection,modifiable,,False,True,False,source_registry:project,https://apidoc.reliefweb.int/parameters,full,"['minimal', 'list', 'full']",,,
ReliefWeb,reliefweb,Recherche / paramètres projet HDP,GET,https://api.reliefweb.int/v2/reports,query,interface projet,string,True,champ texte / mots-clés,modifiable,Mots-clés transmis ou utilisés pour filtrer le catalogue (2 caractères minimum lors de l’exécution).,False,True,False,source_registry:project,https://apidoc.reliefweb.int/parameters,,,,,
ReliefWeb,reliefweb,Recherche / paramètres projet HDP,GET,https://api.reliefweb.int/v2/reports,result_limit,interface projet,integer,True,champ numérique,modifiable,,False,True,False,source_registry:project,https://apidoc.reliefweb.int/parameters,25,,1,100,
ReliefWeb,reliefweb,Recherche / paramètres projet HDP,GET,https://api.reliefweb.int/v2/reports,sort,interface projet,string,False,champ texte / mots-clés,modifiable,,False,True,False,source_registry:project,https://apidoc.reliefweb.int/parameters,date.created:desc,,,,
ReliefWeb,reliefweb,reports,GET/POST,/v2/reports,appname,query,string,False,secret / variable d’environnement,secret,Approved ReliefWeb application identifier.,False,True,True,provider documentation / curated V6 baseline,https://apidoc.reliefweb.int/parameters,,,,,
ReliefWeb,reliefweb,reports,GET/POST,/v2/reports,facets,query/body,array/object,False,information en lecture seule,information,Facet definitions.,True,False,False,provider documentation / curated V6 baseline,https://apidoc.reliefweb.int/parameters,,,,,
ReliefWeb,reliefweb,reports,GET/POST,/v2/reports,fields[exclude],query/body,array,False,information en lecture seule,information,Response fields to exclude.,True,False,False,provider documentation / curated V6 baseline,https://apidoc.reliefweb.int/parameters,,,,,
ReliefWeb,reliefweb,reports,GET/POST,/v2/reports,fields[include],query/body,array,False,information en lecture seule,information,Response fields to include.,True,False,False,provider documentation / curated V6 baseline,https://apidoc.reliefweb.int/parameters,,,,,
ReliefWeb,reliefweb,reports,GET/POST,/v2/reports,filter,query/body,object,False,information en lecture seule,information,Structured ReliefWeb filter tree.,True,False,False,provider documentation / curated V6 baseline,https://apidoc.reliefweb.int/parameters,,,,,
ReliefWeb,reliefweb,reports,GET/POST,/v2/reports,limit,query/body,integer,False,champ numérique,modifiable,Maximum records returned.,False,True,False,provider documentation / curated V6 baseline,https://apidoc.reliefweb.int/parameters,,,,,
ReliefWeb,reliefweb,reports,GET/POST,/v2/reports,offset,query/body,integer,False,champ numérique,modifiable,Result offset.,False,True,False,provider documentation / curated V6 baseline,https://apidoc.reliefweb.int/parameters,,,,,
ReliefWeb,reliefweb,reports,GET/POST,/v2/reports,preset,query/body,string,False,champ texte / mots-clés,modifiable,ReliefWeb preset.,False,True,False,provider documentation / curated V6 baseline,https://apidoc.reliefweb.int/parameters,,,,,
ReliefWeb,reliefweb,reports,GET/POST,/v2/reports,profile,query/body,string,False,champ texte / mots-clés,modifiable,Response profile.,False,True,False,provider documentation / curated V6 baseline,https://apidoc.reliefweb.int/parameters,,,,,
ReliefWeb,reliefweb,reports,GET/POST,/v2/reports,query[fields],query/body,array,False,information en lecture seule,information,Fields searched by the query.,True,False,False,provider documentation / curated V6 baseline,https://apidoc.reliefweb.int/parameters,,,,,
ReliefWeb,reliefweb,reports,GET/POST,/v2/reports,query[operator],query/body,string,False,information en lecture seule,information,Boolean query operator.,True,False,False,provider documentation / curated V6 baseline,https://apidoc.reliefweb.int/parameters,,,,,
ReliefWeb,reliefweb,reports,GET/POST,/v2/reports,query[value],query/body,string,False,champ texte / mots-clés,modifiable,Search expression.,False,True,False,provider documentation / curated V6 baseline,https://apidoc.reliefweb.int/parameters,,,,,
ReliefWeb,reliefweb,reports,GET/POST,/v2/reports,sort[],query/body,array/string,False,champ texte / mots-clés,modifiable,Sort criteria.,False,True,False,provider documentation / curated V6 baseline,https://apidoc.reliefweb.int/parameters,,,,,
UN Global SDG Indicators Database,un-sdg,Configuration globale HDP,CONFIG,https://unstats.un.org/SDGAPI/v1/sdg/Indicator/List,accept_language,configuration globale,string,False,liste de sélection,modifiable,,False,True,False,source_registry:global,https://unstats.un.org/sdgapi/swagger/,en,"['en', 'fr', 'es', 'ar', 'zh']",,,
UN Global SDG Indicators Database,un-sdg,Configuration globale HDP,CONFIG,https://unstats.un.org/SDGAPI/v1/sdg/Indicator/List,api_version,configuration globale,string,False,information en lecture seule,information,,True,False,False,source_registry:global,https://unstats.un.org/sdgapi/swagger/,v1,['v1'],,,
UN Global SDG Indicators Database,un-sdg,Configuration globale HDP,CONFIG,https://unstats.un.org/SDGAPI/v1/sdg/Indicator/List,backoff_seconds,configuration globale,integer,False,champ numérique,modifiable,,False,True,False,source_registry:global,https://unstats.un.org/sdgapi/swagger/,2,,1,60,
UN Global SDG Indicators Database,un-sdg,Configuration globale HDP,CONFIG,https://unstats.un.org/SDGAPI/v1/sdg/Indicator/List,catalog_resource,configuration globale,string,False,information en lecture seule,information,,True,False,False,source_registry:global,https://unstats.un.org/sdgapi/swagger/,Indicator/List,['Indicator/List'],,,
UN Global SDG Indicators Database,un-sdg,Configuration globale HDP,CONFIG,https://unstats.un.org/SDGAPI/v1/sdg/Indicator/List,connect_timeout_seconds,configuration globale,integer,False,champ numérique,modifiable,Délai maximal consacré à l’établissement de la connexion HTTPS.,False,True,False,source_registry:global,https://unstats.un.org/sdgapi/swagger/,20,,3,60,
UN Global SDG Indicators Database,un-sdg,Configuration globale HDP,CONFIG,https://unstats.un.org/SDGAPI/v1/sdg/Indicator/List,enabled,configuration globale,boolean,False,case à cocher,modifiable,,False,True,False,source_registry:global,https://unstats.un.org/sdgapi/swagger/,True,,,,
UN Global SDG Indicators Database,un-sdg,Configuration globale HDP,CONFIG,https://unstats.un.org/SDGAPI/v1/sdg/Indicator/List,max_response_bytes,configuration globale,integer,False,champ numérique,modifiable,"La réponse JSON est refusée au-delà de cette limite, avant décodage.",False,True,False,source_registry:global,https://unstats.un.org/sdgapi/swagger/,25000000,,100000,200000000,
UN Global SDG Indicators Database,un-sdg,Configuration globale HDP,CONFIG,https://unstats.un.org/SDGAPI/v1/sdg/Indicator/List,retry_count,configuration globale,integer,False,champ numérique,modifiable,,False,True,False,source_registry:global,https://unstats.un.org/sdgapi/swagger/,2,,0,5,
UN Global SDG Indicators Database,un-sdg,Configuration globale HDP,CONFIG,https://unstats.un.org/SDGAPI/v1/sdg/Indicator/List,timeout_seconds,configuration globale,integer,False,champ numérique,modifiable,,False,True,False,source_registry:global,https://unstats.un.org/sdgapi/swagger/,40,,5,180,
UN Global SDG Indicators Database,un-sdg,Configuration globale HDP,CONFIG,https://unstats.un.org/SDGAPI/v1/sdg/Indicator/List,user_agent,configuration globale,string,False,champ texte / mots-clés,modifiable,Identifie clairement le client HDP auprès du fournisseur de données.,False,True,False,source_registry:global,https://unstats.un.org/sdgapi/swagger/,HDP/6.0.0,,,,
UN Global SDG Indicators Database,un-sdg,Indicator/List,GET,/v1/sdg/Indicator/List,goal,query,array/string,False,information en lecture seule,information,Goal filter where supported by the endpoint contract.,True,False,False,provider documentation / curated V6 baseline,https://unstats.un.org/sdgapi/swagger/,,,,,
UN Global SDG Indicators Database,un-sdg,Indicator/List,GET,/v1/sdg/Indicator/List,indicator,query,array/string,False,information en lecture seule,information,Indicator filter where supported by the endpoint contract.,True,False,False,provider documentation / curated V6 baseline,https://unstats.un.org/sdgapi/swagger/,,,,,
UN Global SDG Indicators Database,un-sdg,Indicator/List,GET,/v1/sdg/Indicator/List,target,query,array/string,False,information en lecture seule,information,Target filter where supported by the endpoint contract.,True,False,False,provider documentation / curated V6 baseline,https://unstats.un.org/sdgapi/swagger/,,,,,
UN Global SDG Indicators Database,un-sdg,Recherche / paramètres projet HDP,GET,https://unstats.un.org/SDGAPI/v1/sdg/Indicator/List,auto_download,interface projet,boolean,True,case à cocher,modifiable,,False,True,False,source_registry:project,https://unstats.un.org/sdgapi/swagger/,False,,,,
UN Global SDG Indicators Database,un-sdg,Recherche / paramètres projet HDP,GET,https://unstats.un.org/SDGAPI/v1/sdg/Indicator/List,date_from,interface projet,string,False,champ texte / mots-clés,modifiable,Critère commun ISO 8601. Filtré après normalisation si l’API ne l’expose pas nativement.,False,True,False,source_registry:project,https://unstats.un.org/sdgapi/swagger/,,,,,^$|^\d{4}-\d{2}-\d{2}$
UN Global SDG Indicators Database,un-sdg,Recherche / paramètres projet HDP,GET,https://unstats.un.org/SDGAPI/v1/sdg/Indicator/List,date_to,interface projet,string,False,champ texte / mots-clés,modifiable,Critère commun ISO 8601 inclusif.,False,True,False,source_registry:project,https://unstats.un.org/sdgapi/swagger/,,,,,^$|^\d{4}-\d{2}-\d{2}$
UN Global SDG Indicators Database,un-sdg,Recherche / paramètres projet HDP,GET,https://unstats.un.org/SDGAPI/v1/sdg/Indicator/List,location,interface projet,string,False,champ texte / mots-clés,modifiable,"Pays, territoire, zone ou lieu recherché dans les métadonnées normalisées.",False,True,False,source_registry:project,https://unstats.un.org/sdgapi/swagger/,,,,,
UN Global SDG Indicators Database,un-sdg,Recherche / paramètres projet HDP,GET,https://unstats.un.org/SDGAPI/v1/sdg/Indicator/List,query,interface projet,string,True,champ texte / mots-clés,modifiable,Mots-clés transmis ou utilisés pour filtrer le catalogue (2 caractères minimum lors de l’exécution).,False,True,False,source_registry:project,https://unstats.un.org/sdgapi/swagger/,,,,,
UN Global SDG Indicators Database,un-sdg,Recherche / paramètres projet HDP,GET,https://unstats.un.org/SDGAPI/v1/sdg/Indicator/List,result_limit,interface projet,integer,True,champ numérique,modifiable,,False,True,False,source_registry:project,https://unstats.un.org/sdgapi/swagger/,25,,1,100,
UN Global SDG Indicators Database,un-sdg,V1SdgCompareTrendsGetAreaBySeriesDisaggregationDimensionsPost,POST,/v1/sdg/CompareTrends/GetAreaBySeriesDisaggregationDimensions,methodologyType,formData,integer,True,information en lecture seule,information,"Methodology For timeSeries(1-Original Data,2-Normalized Data 2015,3-Normalized Data 2010,4-Growth Rate)",True,False,False,provider OpenAPI/Swagger,https://unstats.un.org/SDGAPI/swagger/v1/swagger.json,,,,,
UN Global SDG Indicators Database,un-sdg,V1SdgCompareTrendsGetAreaBySeriesDisaggregationDimensionsPost,POST,/v1/sdg/CompareTrends/GetAreaBySeriesDisaggregationDimensions,series,formData,array,False,information en lecture seule,information,SDMX code for that series,True,False,False,provider OpenAPI/Swagger,https://unstats.un.org/SDGAPI/swagger/v1/swagger.json,,,,,
UN Global SDG Indicators Database,un-sdg,V1SdgCompareTrendsGetDataMultiSeriesOneAreaPost,POST,/v1/sdg/CompareTrends/GetDataMultiSeriesOneArea,areaCode,formData,integer,True,information en lecture seule,information,Country code e.g 64,True,False,False,provider OpenAPI/Swagger,https://unstats.un.org/SDGAPI/swagger/v1/swagger.json,,,,,
UN Global SDG Indicators Database,un-sdg,V1SdgCompareTrendsGetDataMultiSeriesOneAreaPost,POST,/v1/sdg/CompareTrends/GetDataMultiSeriesOneArea,fromPeriod,formData,integer,True,information en lecture seule,information,From Year value e.g 2005,True,False,False,provider OpenAPI/Swagger,https://unstats.un.org/SDGAPI/swagger/v1/swagger.json,,,,,
UN Global SDG Indicators Database,un-sdg,V1SdgCompareTrendsGetDataMultiSeriesOneAreaPost,POST,/v1/sdg/CompareTrends/GetDataMultiSeriesOneArea,methodologyType,formData,integer,True,information en lecture seule,information,"Methodology For timeSeries(1-Original Data,2-Normalized Data 2015,3-Normalized Data 2010,4-Growth Rate)",True,False,False,provider OpenAPI/Swagger,https://unstats.un.org/SDGAPI/swagger/v1/swagger.json,,,,,
UN Global SDG Indicators Database,un-sdg,V1SdgCompareTrendsGetDataMultiSeriesOneAreaPost,POST,/v1/sdg/CompareTrends/GetDataMultiSeriesOneArea,series,formData,array,False,information en lecture seule,information,"Array of series codes e.g SP_ACS_BSRVH2O~RURAL,SP_ACS_BSRVH2O~ALLAREA",True,False,False,provider OpenAPI/Swagger,https://unstats.un.org/SDGAPI/swagger/v1/swagger.json,,,,,
UN Global SDG Indicators Database,un-sdg,V1SdgCompareTrendsGetDataMultiSeriesOneAreaPost,POST,/v1/sdg/CompareTrends/GetDataMultiSeriesOneArea,toPeriod,formData,integer,True,information en lecture seule,information,Upto Year value e.g 2015,True,False,False,provider OpenAPI/Swagger,https://unstats.un.org/SDGAPI/swagger/v1/swagger.json,,,,,
UN Global SDG Indicators Database,un-sdg,V1SdgCompareTrendsGetDataOneSeriesMultiAreaPost,POST,/v1/sdg/CompareTrends/GetDataOneSeriesMultiArea,areaCode,formData,array,False,information en lecture seule,information,Array of country codes e.g 432,True,False,False,provider OpenAPI/Swagger,https://unstats.un.org/SDGAPI/swagger/v1/swagger.json,,,,,
UN Global SDG Indicators Database,un-sdg,V1SdgCompareTrendsGetDataOneSeriesMultiAreaPost,POST,/v1/sdg/CompareTrends/GetDataOneSeriesMultiArea,disaggregatedCategory,formData,string,False,information en lecture seule,information,Disaggregated dimension value e.g 15+ | FEMALE,True,False,False,provider OpenAPI/Swagger,https://unstats.un.org/SDGAPI/swagger/v1/swagger.json,,,,,
UN Global SDG Indicators Database,un-sdg,V1SdgCompareTrendsGetDataOneSeriesMultiAreaPost,POST,/v1/sdg/CompareTrends/GetDataOneSeriesMultiArea,fromPeriod,formData,integer,True,information en lecture seule,information,From Year value e.g 2005,True,False,False,provider OpenAPI/Swagger,https://unstats.un.org/SDGAPI/swagger/v1/swagger.json,,,,,
UN Global SDG Indicators Database,un-sdg,V1SdgCompareTrendsGetDataOneSeriesMultiAreaPost,POST,/v1/sdg/CompareTrends/GetDataOneSeriesMultiArea,methodologyType,formData,integer,True,information en lecture seule,information,"Methodology For timeSeries(1-Original Data,2-Normalized Data 2015,3-Normalized Data 2010,4-Growth Rate)",True,False,False,provider OpenAPI/Swagger,https://unstats.un.org/SDGAPI/swagger/v1/swagger.json,,,,,
UN Global SDG Indicators Database,un-sdg,V1SdgCompareTrendsGetDataOneSeriesMultiAreaPost,POST,/v1/sdg/CompareTrends/GetDataOneSeriesMultiArea,series,formData,string,False,information en lecture seule,information,Series Code e.g SI_POV_EMP1,True,False,False,provider OpenAPI/Swagger,https://unstats.un.org/SDGAPI/swagger/v1/swagger.json,,,,,
UN Global SDG Indicators Database,un-sdg,V1SdgCompareTrendsGetDataOneSeriesMultiAreaPost,POST,/v1/sdg/CompareTrends/GetDataOneSeriesMultiArea,toPeriod,formData,integer,True,information en lecture seule,information,Upto Year value e.g 2015,True,False,False,provider OpenAPI/Swagger,https://unstats.un.org/SDGAPI/swagger/v1/swagger.json,,,,,
UN Global SDG Indicators Database,un-sdg,V1SdgCompareTrendsGetSeriesDisaggregationDimensionsByAreaPost,POST,/v1/sdg/CompareTrends/GetSeriesDisaggregationDimensionsByArea,areaCode,formData,integer,True,information en lecture seule,information,Country code e.g 64,True,False,False,provider OpenAPI/Swagger,https://unstats.un.org/SDGAPI/swagger/v1/swagger.json,,,,,
UN Global SDG Indicators Database,un-sdg,V1SdgCompareTrendsGetSeriesDisaggregationDimensionsByAreaPost,POST,/v1/sdg/CompareTrends/GetSeriesDisaggregationDimensionsByArea,methodologyType,formData,integer,True,information en lecture seule,information,"Methodology For timeSeries(1-Original Data,2-Normalized Data 2015,3-Normalized Data 2010,4-Growth Rate)",True,False,False,provider OpenAPI/Swagger,https://unstats.un.org/SDGAPI/swagger/v1/swagger.json,,,,,
UN Global SDG Indicators Database,un-sdg,V1SdgDataAvailabilityGetCompareacrossgoalDataPost,POST,/v1/sdg/DataAvailability/GetCompareacrossgoalData,Goals,formData,array,False,information en lecture seule,information,"List of goal ids e.g 1,2",True,False,False,provider OpenAPI/Swagger,https://unstats.un.org/SDGAPI/swagger/v1/swagger.json,,,,,
UN Global SDG Indicators Database,un-sdg,V1SdgDataAvailabilityGetCompareacrossgoalDataPost,POST,/v1/sdg/DataAvailability/GetCompareacrossgoalData,dataPointType,formData,integer,True,information en lecture seule,information,"Data points for country (int) e.g 1 -Data for atleast 1 year since 2015,2-Data for atleast 2 years since 2015,3-Data for at least two years since 2015 and at least two years before 2015",True,False,False,provider OpenAPI/Swagger,https://unstats.un.org/SDGAPI/swagger/v1/swagger.json,,,,,
UN Global SDG Indicators Database,un-sdg,V1SdgDataAvailabilityGetCompareacrossgoalDataPost,POST,/v1/sdg/DataAvailability/GetCompareacrossgoalData,natureOfData,formData,string,False,information en lecture seule,information,"Nature of data (string) e.g {'All':All,'C':Country Data,'CNA':Country data and adjusted country data}",True,False,False,provider OpenAPI/Swagger,https://unstats.un.org/SDGAPI/swagger/v1/swagger.json,,,,,
UN Global SDG Indicators Database,un-sdg,V1SdgDataAvailabilityGetCountriesAcrossGoalsPost,POST,/v1/sdg/DataAvailability/GetCountriesAcrossGoals,areaCodes,formData,array,False,information en lecture seule,information,"Array of region ids e.g [343,353]",True,False,False,provider OpenAPI/Swagger,https://unstats.un.org/SDGAPI/swagger/v1/swagger.json,,,,,
UN Global SDG Indicators Database,un-sdg,V1SdgDataAvailabilityGetCountriesAcrossGoalsPost,POST,/v1/sdg/DataAvailability/GetCountriesAcrossGoals,dataPointType,formData,integer,True,information en lecture seule,information,"Data points for country (int) e.g 1 -Data for atleast 1 year since 2015,2-Data for atleast 2 years since 2015,3-Data for at least two years since 2015 and at least two years before 2015",True,False,False,provider OpenAPI/Swagger,https://unstats.un.org/SDGAPI/swagger/v1/swagger.json,,,,,
UN Global SDG Indicators Database,un-sdg,V1SdgDataAvailabilityGetCountriesAcrossGoalsPost,POST,/v1/sdg/DataAvailability/GetCountriesAcrossGoals,natureOfData,formData,string,False,information en lecture seule,information,"Nature of data (string) e.g {'All':All,'C':Country Data,'CNA':Country data and adjusted country data}",True,False,False,provider OpenAPI/Swagger,https://unstats.un.org/SDGAPI/swagger/v1/swagger.json,,,,,
UN Global SDG Indicators Database,un-sdg,V1SdgDataAvailabilityGetGoalsDisaggregatedDataPost,POST,/v1/sdg/DataAvailability/GetGoalsDisaggregatedData,areaCode,formData,string,False,information en lecture seule,information,"Array of region ids e.g [343,353]",True,False,False,provider OpenAPI/Swagger,https://unstats.un.org/SDGAPI/swagger/v1/swagger.json,,,,,
UN Global SDG Indicators Database,un-sdg,V1SdgDataAvailabilityGetGoalsDisaggregatedDataPost,POST,/v1/sdg/DataAvailability/GetGoalsDisaggregatedData,dataPointType,formData,integer,True,information en lecture seule,information,"Data points for country (int) e.g 1 -Data for atleast 1 year since 2015,2-Data for atleast 2 years since 2015,3-Data for at least two years since 2015 and at least two years before 2015",True,False,False,provider OpenAPI/Swagger,https://unstats.un.org/SDGAPI/swagger/v1/swagger.json,,,,,
UN Global SDG Indicators Database,un-sdg,V1SdgDataAvailabilityGetGoalsDisaggregatedDataPost,POST,/v1/sdg/DataAvailability/GetGoalsDisaggregatedData,disaggregationType,formData,integer,False,information en lecture seule,information,Disaggregation type (int). e.g 0 : Any type of disaggregation.,True,False,False,provider OpenAPI/Swagger,https://unstats.un.org/SDGAPI/swagger/v1/swagger.json,,,,,
UN Global SDG Indicators Database,un-sdg,V1SdgDataAvailabilityGetGoalsDisaggregatedDataPost,POST,/v1/sdg/DataAvailability/GetGoalsDisaggregatedData,natureOfData,formData,string,False,information en lecture seule,information,"Nature of data (string) e.g {'All':All,'C':Country Data,'CNA':Country data and adjusted country data}",True,False,False,provider OpenAPI/Swagger,https://unstats.un.org/SDGAPI/swagger/v1/swagger.json,,,,,
UN Global SDG Indicators Database,un-sdg,V1SdgDataAvailabilityGetIndicatorsAllCountriesPost,POST,/v1/sdg/DataAvailability/GetIndicatorsAllCountries,countryId,formData,integer,True,information en lecture seule,information,country code (int) e.g 0 for all countries,True,False,False,provider OpenAPI/Swagger,https://unstats.un.org/SDGAPI/swagger/v1/swagger.json,,,,,
UN Global SDG Indicators Database,un-sdg,V1SdgDataAvailabilityGetIndicatorsAllCountriesPost,POST,/v1/sdg/DataAvailability/GetIndicatorsAllCountries,dataPointType,formData,integer,True,information en lecture seule,information,"Data points for country (int) e.g 1 -Data for atleast 1 year since 2015,2-Data for atleast 2 years since 2015,3-Data for at least two years since 2015 and at least two years before 2015",True,False,False,provider OpenAPI/Swagger,https://unstats.un.org/SDGAPI/swagger/v1/swagger.json,,,,,
UN Global SDG Indicators Database,un-sdg,V1SdgDataAvailabilityGetIndicatorsAllCountriesPost,POST,/v1/sdg/DataAvailability/GetIndicatorsAllCountries,natureOfData,formData,string,False,information en lecture seule,information,"Nature of data (string) e.g {'All':All,'C':Country Data,'CNA':Country data and adjusted country data}",True,False,False,provider OpenAPI/Swagger,https://unstats.un.org/SDGAPI/swagger/v1/swagger.json,,,,,
UN Global SDG Indicators Database,un-sdg,V1SdgDataAvailabilityGetSeriesAggregationsForMapsPost,POST,/v1/sdg/DataAvailability/GetSeriesAggregationsForMaps,dataPointType,formData,integer,True,information en lecture seule,information,"Data points for country (int) e.g 1 -Data for atleast 1 year since 2015,2-Data for atleast 2 years since 2015,3-Data for at least two years since 2015 and at least two years before 2015",True,False,False,provider OpenAPI/Swagger,https://unstats.un.org/SDGAPI/swagger/v1/swagger.json,,,,,
UN Global SDG Indicators Database,un-sdg,V1SdgDataAvailabilityGetSeriesAggregationsForMapsPost,POST,/v1/sdg/DataAvailability/GetSeriesAggregationsForMaps,goalId,formData,integer,True,information en lecture seule,information,Goal Id e.g. 1,True,False,False,provider OpenAPI/Swagger,https://unstats.un.org/SDGAPI/swagger/v1/swagger.json,,,,,
UN Global SDG Indicators Database,un-sdg,V1SdgDataAvailabilityGetSeriesAggregationsForMapsPost,POST,/v1/sdg/DataAvailability/GetSeriesAggregationsForMaps,natureOfData,formData,string,False,information en lecture seule,information,"Nature of data (string) e.g {'All':All,'C':Country Data,'CNA':Country data and adjusted country data}",True,False,False,provider OpenAPI/Swagger,https://unstats.un.org/SDGAPI/swagger/v1/swagger.json,,,,,
UN Global SDG Indicators Database,un-sdg,V1SdgDataAvailabilityGetSeriesAndDisAggregationsForGoalsPost,POST,/v1/sdg/DataAvailability/GetSeriesAndDisAggregationsForGoals,areaCode,formData,array,False,information en lecture seule,information,"list of geo area codes e.g [342,345]",True,False,False,provider OpenAPI/Swagger,https://unstats.un.org/SDGAPI/swagger/v1/swagger.json,,,,,
UN Global SDG Indicators Database,un-sdg,V1SdgDataAvailabilityGetSeriesAndDisAggregationsForGoalsPost,POST,/v1/sdg/DataAvailability/GetSeriesAndDisAggregationsForGoals,dataPoints,formData,integer,False,information en lecture seule,information,"Data points for country (int) e.g 1 -Data for atleast 1 year since 2015,2-Data for atleast 2 years since 2015,3-Data for at least two years since 2015 and at least two years before 2015",True,False,False,provider OpenAPI/Swagger,https://unstats.un.org/SDGAPI/swagger/v1/swagger.json,,,,,
UN Global SDG Indicators Database,un-sdg,V1SdgDataAvailabilityGetSeriesAndDisAggregationsForGoalsPost,POST,/v1/sdg/DataAvailability/GetSeriesAndDisAggregationsForGoals,disaggregationType,formData,integer,False,information en lecture seule,information,Disaggregation type (int). e.g 0 : Any type of disaggregation.,True,False,False,provider OpenAPI/Swagger,https://unstats.un.org/SDGAPI/swagger/v1/swagger.json,,,,,
UN Global SDG Indicators Database,un-sdg,V1SdgDataAvailabilityGetSeriesAndDisAggregationsForGoalsPost,POST,/v1/sdg/DataAvailability/GetSeriesAndDisAggregationsForGoals,goalId,formData,integer,False,information en lecture seule,information,Goal Id e.g. 1,True,False,False,provider OpenAPI/Swagger,https://unstats.un.org/SDGAPI/swagger/v1/swagger.json,,,,,
UN Global SDG Indicators Database,un-sdg,V1SdgDataAvailabilityGetSeriesAndDisAggregationsForGoalsPost,POST,/v1/sdg/DataAvailability/GetSeriesAndDisAggregationsForGoals,natureOfData,formData,string,False,information en lecture seule,information,"Nature of data (string) e.g {'All':All,'C':Country Data,'CNA':Country data and adjusted country data}",True,False,False,provider OpenAPI/Swagger,https://unstats.un.org/SDGAPI/swagger/v1/swagger.json,,,,,
UN Global SDG Indicators Database,un-sdg,V1SdgDataAvailabilityGetWorldbyGoalPost,POST,/v1/sdg/DataAvailability/GetWorldbyGoal,dataPointType,formData,integer,True,information en lecture seule,information,"Data points for country (int) e.g 1 -Data for atleast 1 year since 2015,2-Data for atleast 2 years since 2015,3-Data for at least two years since 2015 and at least two years before 2015",True,False,False,provider OpenAPI/Swagger,https://unstats.un.org/SDGAPI/swagger/v1/swagger.json,,,,,
UN Global SDG Indicators Database,un-sdg,V1SdgDataAvailabilityGetWorldbyGoalPost,POST,/v1/sdg/DataAvailability/GetWorldbyGoal,natureOfData,formData,string,False,information en lecture seule,information,"Nature of data (string) e.g {'All':All,'C':Country Data,'CNA':Country data and adjusted country data}",True,False,False,provider OpenAPI/Swagger,https://unstats.un.org/SDGAPI/swagger/v1/swagger.json,,,,,
UN Global SDG Indicators Database,un-sdg,V1SdgFeedbackAddFeedbackPost,POST,/v1/sdg/Feedback/AddFeedback,email,formData,string,False,information en lecture seule,information,Email ID of the person,True,False,False,provider OpenAPI/Swagger,https://unstats.un.org/SDGAPI/swagger/v1/swagger.json,,,,,
UN Global SDG Indicators Database,un-sdg,V1SdgFeedbackAddFeedbackPost,POST,/v1/sdg/Feedback/AddFeedback,feedbackDescription,formData,string,False,information en lecture seule,information,Can be any text,True,False,False,provider OpenAPI/Swagger,https://unstats.un.org/SDGAPI/swagger/v1/swagger.json,,,,,
UN Global SDG Indicators Database,un-sdg,V1SdgFeedbackAddFeedbackPost,POST,/v1/sdg/Feedback/AddFeedback,feedbackPage,formData,string,False,information en lecture seule,information,This tells the feedback is for which Page e.g Home Or DataAvailability,True,False,False,provider OpenAPI/Swagger,https://unstats.un.org/SDGAPI/swagger/v1/swagger.json,,,,,
UN Global SDG Indicators Database,un-sdg,V1SdgFeedbackAddFeedbackPost,POST,/v1/sdg/Feedback/AddFeedback,feedbackType,formData,integer,True,information en lecture seule,information,"Feedback type (int) e.g 1 - Comments,2 - Questions",True,False,False,provider OpenAPI/Swagger,https://unstats.un.org/SDGAPI/swagger/v1/swagger.json,,,,,
UN Global SDG Indicators Database,un-sdg,V1SdgFeedbackAddFeedbackPost,POST,/v1/sdg/Feedback/AddFeedback,firstName,formData,string,False,information en lecture seule,information,Name of the person,True,False,False,provider OpenAPI/Swagger,https://unstats.un.org/SDGAPI/swagger/v1/swagger.json,,,,,
UN Global SDG Indicators Database,un-sdg,V1SdgFeedbackAddFeedbackPost,POST,/v1/sdg/Feedback/AddFeedback,lastName,formData,string,False,information en lecture seule,information,Name of the person,True,False,False,provider OpenAPI/Swagger,https://unstats.un.org/SDGAPI/swagger/v1/swagger.json,,,,,
UN Global SDG Indicators Database,un-sdg,V1SdgGeoAreaByGeoAreaCodeListGet,GET,/v1/sdg/GeoArea/{GeoAreaCode}/List,geoAreaCode,path,string,True,information en lecture seule,information,M49 Code of the area,True,False,False,provider OpenAPI/Swagger,https://unstats.un.org/SDGAPI/swagger/v1/swagger.json,,,,,
UN Global SDG Indicators Database,un-sdg,V1SdgGlobalAndRegionalGetGlobalDataBasePost,POST,/v1/sdg/GlobalAndRegional/GetGlobalDataBase,areaCode,query,array,False,information en lecture seule,information,List of M49 values,True,False,False,provider OpenAPI/Swagger,https://unstats.un.org/SDGAPI/swagger/v1/swagger.json,,,,,
UN Global SDG Indicators Database,un-sdg,V1SdgGlobalAndRegionalGetGlobalDataBasePost,POST,/v1/sdg/GlobalAndRegional/GetGlobalDataBase,dimensions,query,string,False,information en lecture seule,information,Array of name - values eg: [AGE] = 'ALLAGE' | [AREA]= 'ALLAREA's,True,False,False,provider OpenAPI/Swagger,https://unstats.un.org/SDGAPI/swagger/v1/swagger.json,,,,,
UN Global SDG Indicators Database,un-sdg,V1SdgGlobalAndRegionalGetGlobalDataBasePost,POST,/v1/sdg/GlobalAndRegional/GetGlobalDataBase,page,query,integer,False,information en lecture seule,information,Page number,True,False,False,provider OpenAPI/Swagger,https://unstats.un.org/SDGAPI/swagger/v1/swagger.json,,,,,
UN Global SDG Indicators Database,un-sdg,V1SdgGlobalAndRegionalGetGlobalDataBasePost,POST,/v1/sdg/GlobalAndRegional/GetGlobalDataBase,pageSize,query,integer,False,information en lecture seule,information,Number of records per page,True,False,False,provider OpenAPI/Swagger,https://unstats.un.org/SDGAPI/swagger/v1/swagger.json,,,,,
UN Global SDG Indicators Database,un-sdg,V1SdgGlobalAndRegionalGetGlobalDataBasePost,POST,/v1/sdg/GlobalAndRegional/GetGlobalDataBase,releaseCode,query,string,False,information en lecture seule,information,Code of the releases that we are querying,True,False,False,provider OpenAPI/Swagger,https://unstats.un.org/SDGAPI/swagger/v1/swagger.json,,,,,
UN Global SDG Indicators Database,un-sdg,V1SdgGlobalAndRegionalGetGlobalDataBasePost,POST,/v1/sdg/GlobalAndRegional/GetGlobalDataBase,seriesCode,query,array,False,information en lecture seule,information,SDMX code for that series,True,False,False,provider OpenAPI/Swagger,https://unstats.un.org/SDGAPI/swagger/v1/swagger.json,,,,,
UN Global SDG Indicators Database,un-sdg,V1SdgGlobalAndRegionalGetMultiSeriesPost,POST,/v1/sdg/GlobalAndRegional/GetMultiSeries,areaCode,formData,array,False,information en lecture seule,information,List of country codes e.g 202,True,False,False,provider OpenAPI/Swagger,https://unstats.un.org/SDGAPI/swagger/v1/swagger.json,,,,,
UN Global SDG Indicators Database,un-sdg,V1SdgGlobalAndRegionalGetMultiSeriesPost,POST,/v1/sdg/GlobalAndRegional/GetMultiSeries,indicators,formData,array,False,information en lecture seule,information,,True,False,False,provider OpenAPI/Swagger,https://unstats.un.org/SDGAPI/swagger/v1/swagger.json,,,,,
UN Global SDG Indicators Database,un-sdg,V1SdgGlobalAndRegionalGetMultiSeriesPost,POST,/v1/sdg/GlobalAndRegional/GetMultiSeries,seriesCode,formData,array,False,information en lecture seule,information,"List of series codes along with dimension e.g SP_ACS_BSRVH2O-RURAL,SP_ACS_BSRVH2O-ALLAREA",True,False,False,provider OpenAPI/Swagger,https://unstats.un.org/SDGAPI/swagger/v1/swagger.json,,,,,
UN Global SDG Indicators Database,un-sdg,V1SdgGlobalAndRegionalGetMultiSeriesPost,POST,/v1/sdg/GlobalAndRegional/GetMultiSeries,years,formData,array,False,information en lecture seule,information,List of year e.g 2002,True,False,False,provider OpenAPI/Swagger,https://unstats.un.org/SDGAPI/swagger/v1/swagger.json,,,,,
UN Global SDG Indicators Database,un-sdg,V1SdgGlobalAndRegionalGetSingleSeriesPost,POST,/v1/sdg/GlobalAndRegional/GetSingleSeries,areaCode,formData,array,False,information en lecture seule,information,List of country codes e.g 202,True,False,False,provider OpenAPI/Swagger,https://unstats.un.org/SDGAPI/swagger/v1/swagger.json,,,,,
UN Global SDG Indicators Database,un-sdg,V1SdgGlobalAndRegionalGetSingleSeriesPost,POST,/v1/sdg/GlobalAndRegional/GetSingleSeries,indicators,formData,string,False,information en lecture seule,information,,True,False,False,provider OpenAPI/Swagger,https://unstats.un.org/SDGAPI/swagger/v1/swagger.json,,,,,
UN Global SDG Indicators Database,un-sdg,V1SdgGlobalAndRegionalGetSingleSeriesPost,POST,/v1/sdg/GlobalAndRegional/GetSingleSeries,seriesCode,formData,string,False,information en lecture seule,information,Series Code e.g SI_POV_EMP1,True,False,False,provider OpenAPI/Swagger,https://unstats.un.org/SDGAPI/swagger/v1/swagger.json,,,,,
UN Global SDG Indicators Database,un-sdg,V1SdgGlobalAndRegionalGetSingleSeriesPost,POST,/v1/sdg/GlobalAndRegional/GetSingleSeries,years,formData,array,False,information en lecture seule,information,List of year e.g 2002,True,False,False,provider OpenAPI/Swagger,https://unstats.un.org/SDGAPI/swagger/v1/swagger.json,,,,,
UN Global SDG Indicators Database,un-sdg,V1SdgGoalByGoalCodeAttributesGet,GET,/v1/sdg/Goal/{goalCode}/Attributes,goalCode,path,integer,True,information en lecture seule,information,SDMX code for that goal,True,False,False,provider OpenAPI/Swagger,https://unstats.un.org/SDGAPI/swagger/v1/swagger.json,,,,,
UN Global SDG Indicators Database,un-sdg,V1SdgGoalByGoalCodeDimensionsGet,GET,/v1/sdg/Goal/{goalCode}/Dimensions,goalCode,path,integer,True,information en lecture seule,information,SDMX code for that goal,True,False,False,provider OpenAPI/Swagger,https://unstats.un.org/SDGAPI/swagger/v1/swagger.json,,,,,
UN Global SDG Indicators Database,un-sdg,V1SdgGoalByGoalCodeGeoAreasGet,GET,/v1/sdg/Goal/{goalCode}/GeoAreas,goalCode,path,integer,True,information en lecture seule,information,Code for that Goal,True,False,False,provider OpenAPI/Swagger,https://unstats.un.org/SDGAPI/swagger/v1/swagger.json,,,,,
UN Global SDG Indicators Database,un-sdg,V1SdgGoalByGoalCodeTargetListGet,GET,/v1/sdg/Goal/{goalCode}/Target/List,goalCode,path,string,True,information en lecture seule,information,Code of the goal that we are querying,True,False,False,provider OpenAPI/Swagger,https://unstats.un.org/SDGAPI/swagger/v1/swagger.json,,,,,
UN Global SDG Indicators Database,un-sdg,V1SdgGoalByGoalCodeTargetListGet,GET,/v1/sdg/Goal/{goalCode}/Target/List,includechildren,query,boolean,True,information en lecture seule,information,"Includes information for Target, Series and indicators",True,False,False,provider OpenAPI/Swagger,https://unstats.un.org/SDGAPI/swagger/v1/swagger.json,,,,,
UN Global SDG Indicators Database,un-sdg,V1SdgGoalDataCSVPost,POST,/v1/sdg/Goal/DataCSV,areaCodes,formData,array,False,information en lecture seule,information,List of M49 values,True,False,False,provider OpenAPI/Swagger,https://unstats.un.org/SDGAPI/swagger/v1/swagger.json,,,,,
UN Global SDG Indicators Database,un-sdg,V1SdgGoalDataCSVPost,POST,/v1/sdg/Goal/DataCSV,goal,formData,array,False,information en lecture seule,information,SDMX code for that goals,True,False,False,provider OpenAPI/Swagger,https://unstats.un.org/SDGAPI/swagger/v1/swagger.json,,,,,
UN Global SDG Indicators Database,un-sdg,V1SdgGoalDataCSVPost,POST,/v1/sdg/Goal/DataCSV,timePeriodEnd,formData,number,False,information en lecture seule,information,Tine sertues end point,True,False,False,provider OpenAPI/Swagger,https://unstats.un.org/SDGAPI/swagger/v1/swagger.json,,,,,
UN Global SDG Indicators Database,un-sdg,V1SdgGoalDataCSVPost,POST,/v1/sdg/Goal/DataCSV,timePeriodStart,formData,number,False,information en lecture seule,information,Time series start point,True,False,False,provider OpenAPI/Swagger,https://unstats.un.org/SDGAPI/swagger/v1/swagger.json,,,,,
UN Global SDG Indicators Database,un-sdg,V1SdgGoalDataExcelPost,POST,/v1/sdg/Goal/DataExcel,areaCodes,formData,array,False,information en lecture seule,information,List of M49 values,True,False,False,provider OpenAPI/Swagger,https://unstats.un.org/SDGAPI/swagger/v1/swagger.json,,,,,
UN Global SDG Indicators Database,un-sdg,V1SdgGoalDataExcelPost,POST,/v1/sdg/Goal/DataExcel,goal,formData,array,False,information en lecture seule,information,SDMX code for that goals,True,False,False,provider OpenAPI/Swagger,https://unstats.un.org/SDGAPI/swagger/v1/swagger.json,,,,,
UN Global SDG Indicators Database,un-sdg,V1SdgGoalDataExcelPost,POST,/v1/sdg/Goal/DataExcel,timePeriodEnd,formData,number,False,information en lecture seule,information,Tine sertues end point,True,False,False,provider OpenAPI/Swagger,https://unstats.un.org/SDGAPI/swagger/v1/swagger.json,,,,,
UN Global SDG Indicators Database,un-sdg,V1SdgGoalDataExcelPost,POST,/v1/sdg/Goal/DataExcel,timePeriodStart,formData,number,False,information en lecture seule,information,Time series start point,True,False,False,provider OpenAPI/Swagger,https://unstats.un.org/SDGAPI/swagger/v1/swagger.json,,,,,
UN Global SDG Indicators Database,un-sdg,V1SdgGoalDataGet,GET,/v1/sdg/Goal/Data,areaCode,query,array,False,information en lecture seule,information,List of M49 values,True,False,False,provider OpenAPI/Swagger,https://unstats.un.org/SDGAPI/swagger/v1/swagger.json,,,,,
UN Global SDG Indicators Database,un-sdg,V1SdgGoalDataGet,GET,/v1/sdg/Goal/Data,dimensions,query,string,False,information en lecture seule,information,"Array of name - values eg: [{name:""Age"",values:[""15+"",""15-24""]}]",True,False,False,provider OpenAPI/Swagger,https://unstats.un.org/SDGAPI/swagger/v1/swagger.json,,,,,
UN Global SDG Indicators Database,un-sdg,V1SdgGoalDataGet,GET,/v1/sdg/Goal/Data,goal,query,array,False,information en lecture seule,information,List of codes for the Goals we are queying,True,False,False,provider OpenAPI/Swagger,https://unstats.un.org/SDGAPI/swagger/v1/swagger.json,,,,,
UN Global SDG Indicators Database,un-sdg,V1SdgGoalDataGet,GET,/v1/sdg/Goal/Data,page,query,integer,False,information en lecture seule,information,Page number,True,False,False,provider OpenAPI/Swagger,https://unstats.un.org/SDGAPI/swagger/v1/swagger.json,,,,,
UN Global SDG Indicators Database,un-sdg,V1SdgGoalDataGet,GET,/v1/sdg/Goal/Data,pageSize,query,integer,False,information en lecture seule,information,Number of records per page,True,False,False,provider OpenAPI/Swagger,https://unstats.un.org/SDGAPI/swagger/v1/swagger.json,,,,,
UN Global SDG Indicators Database,un-sdg,V1SdgGoalDataGet,GET,/v1/sdg/Goal/Data,timePeriod,query,array,False,information en lecture seule,information,"List of years from which we want data eg: [""2000"",""2010""]",True,False,False,provider OpenAPI/Swagger,https://unstats.un.org/SDGAPI/swagger/v1/swagger.json,,,,,
UN Global SDG Indicators Database,un-sdg,V1SdgGoalDataGet,GET,/v1/sdg/Goal/Data,timePeriodEnd,query,number,False,information en lecture seule,information,Tine sertues end point,True,False,False,provider OpenAPI/Swagger,https://unstats.un.org/SDGAPI/swagger/v1/swagger.json,,,,,
UN Global SDG Indicators Database,un-sdg,V1SdgGoalDataGet,GET,/v1/sdg/Goal/Data,timePeriodStart,query,number,False,information en lecture seule,information,Time series start point,True,False,False,provider OpenAPI/Swagger,https://unstats.un.org/SDGAPI/swagger/v1/swagger.json,,,,,
UN Global SDG Indicators Database,un-sdg,V1SdgGoalListGet,GET,/v1/sdg/Goal/List,includechildren,query,boolean,True,information en lecture seule,information,"Includes information for Target, Series and indicators",True,False,False,provider OpenAPI/Swagger,https://unstats.un.org/SDGAPI/swagger/v1/swagger.json,,,,,
UN Global SDG Indicators Database,un-sdg,V1SdgGoalPivotDataGet,GET,/v1/sdg/Goal/PivotData,areaCode,query,array,False,information en lecture seule,information,List of M49 values,True,False,False,provider OpenAPI/Swagger,https://unstats.un.org/SDGAPI/swagger/v1/swagger.json,,,,,
UN Global SDG Indicators Database,un-sdg,V1SdgGoalPivotDataGet,GET,/v1/sdg/Goal/PivotData,dimensions,query,string,False,information en lecture seule,information,"Array of name - values eg: [{name:""Age"",values:[""15+"",""15-24""]}]",True,False,False,provider OpenAPI/Swagger,https://unstats.un.org/SDGAPI/swagger/v1/swagger.json,,,,,
UN Global SDG Indicators Database,un-sdg,V1SdgGoalPivotDataGet,GET,/v1/sdg/Goal/PivotData,goal,query,array,False,information en lecture seule,information,List of codes for the goals we are querying,True,False,False,provider OpenAPI/Swagger,https://unstats.un.org/SDGAPI/swagger/v1/swagger.json,,,,,
UN Global SDG Indicators Database,un-sdg,V1SdgGoalPivotDataGet,GET,/v1/sdg/Goal/PivotData,page,query,integer,False,information en lecture seule,information,Page number,True,False,False,provider OpenAPI/Swagger,https://unstats.un.org/SDGAPI/swagger/v1/swagger.json,,,,,
UN Global SDG Indicators Database,un-sdg,V1SdgGoalPivotDataGet,GET,/v1/sdg/Goal/PivotData,pageSize,query,integer,False,information en lecture seule,information,Number of records per page,True,False,False,provider OpenAPI/Swagger,https://unstats.un.org/SDGAPI/swagger/v1/swagger.json,,,,,
UN Global SDG Indicators Database,un-sdg,V1SdgIndicatorByIndicatorCodeGeoAreasGet,GET,/v1/sdg/Indicator/{indicatorCode}/GeoAreas,indicatorcode,path,string,True,information en lecture seule,information,Code for that indicator,True,False,False,provider OpenAPI/Swagger,https://unstats.un.org/SDGAPI/swagger/v1/swagger.json,,,,,
UN Global SDG Indicators Database,un-sdg,V1SdgIndicatorByIndicatorCodeSeriesListGet,GET,/v1/sdg/Indicator/{indicatorCode}/Series/List,indicatorcode,path,string,True,information en lecture seule,information,Code of the indicator that we are querying,True,False,False,provider OpenAPI/Swagger,https://unstats.un.org/SDGAPI/swagger/v1/swagger.json,,,,,
UN Global SDG Indicators Database,un-sdg,V1SdgIndicatorDataGet,GET,/v1/sdg/Indicator/Data,areaCode,query,array,False,information en lecture seule,information,List of M49 values,True,False,False,provider OpenAPI/Swagger,https://unstats.un.org/SDGAPI/swagger/v1/swagger.json,,,,,
UN Global SDG Indicators Database,un-sdg,V1SdgIndicatorDataGet,GET,/v1/sdg/Indicator/Data,dimensions,query,string,False,information en lecture seule,information,"Array of name - values eg: [{name:""Age"",values:[""15+"",""15-24""]}]",True,False,False,provider OpenAPI/Swagger,https://unstats.un.org/SDGAPI/swagger/v1/swagger.json,,,,,
UN Global SDG Indicators Database,un-sdg,V1SdgIndicatorDataGet,GET,/v1/sdg/Indicator/Data,indicator,query,array,False,information en lecture seule,information,List of codes for the indicators we are queying,True,False,False,provider OpenAPI/Swagger,https://unstats.un.org/SDGAPI/swagger/v1/swagger.json,,,,,
UN Global SDG Indicators Database,un-sdg,V1SdgIndicatorDataGet,GET,/v1/sdg/Indicator/Data,page,query,integer,False,information en lecture seule,information,Page number,True,False,False,provider OpenAPI/Swagger,https://unstats.un.org/SDGAPI/swagger/v1/swagger.json,,,,,
UN Global SDG Indicators Database,un-sdg,V1SdgIndicatorDataGet,GET,/v1/sdg/Indicator/Data,pageSize,query,integer,False,information en lecture seule,information,Number of records per page,True,False,False,provider OpenAPI/Swagger,https://unstats.un.org/SDGAPI/swagger/v1/swagger.json,,,,,
UN Global SDG Indicators Database,un-sdg,V1SdgIndicatorDataGet,GET,/v1/sdg/Indicator/Data,timePeriod,query,array,False,information en lecture seule,information,"List of years from which we want data eg: [""2000"",""2010""]",True,False,False,provider OpenAPI/Swagger,https://unstats.un.org/SDGAPI/swagger/v1/swagger.json,,,,,
UN Global SDG Indicators Database,un-sdg,V1SdgIndicatorDataGet,GET,/v1/sdg/Indicator/Data,timePeriodEnd,query,number,False,information en lecture seule,information,Tine sertues end point,True,False,False,provider OpenAPI/Swagger,https://unstats.un.org/SDGAPI/swagger/v1/swagger.json,,,,,
UN Global SDG Indicators Database,un-sdg,V1SdgIndicatorDataGet,GET,/v1/sdg/Indicator/Data,timePeriodStart,query,number,False,information en lecture seule,information,Time series start point,True,False,False,provider OpenAPI/Swagger,https://unstats.un.org/SDGAPI/swagger/v1/swagger.json,,,,,
UN Global SDG Indicators Database,un-sdg,V1SdgIndicatorPivotDataGet,GET,/v1/sdg/Indicator/PivotData,areaCode,query,array,False,information en lecture seule,information,List of M49 values,True,False,False,provider OpenAPI/Swagger,https://unstats.un.org/SDGAPI/swagger/v1/swagger.json,,,,,
UN Global SDG Indicators Database,un-sdg,V1SdgIndicatorPivotDataGet,GET,/v1/sdg/Indicator/PivotData,dimensions,query,string,False,information en lecture seule,information,"Array of name - values eg: [{name:""Age"",values:[""15+"",""15-24""]}]",True,False,False,provider OpenAPI/Swagger,https://unstats.un.org/SDGAPI/swagger/v1/swagger.json,,,,,
UN Global SDG Indicators Database,un-sdg,V1SdgIndicatorPivotDataGet,GET,/v1/sdg/Indicator/PivotData,indicator,query,array,False,information en lecture seule,information,List of codes for the indicator we are querying,True,False,False,provider OpenAPI/Swagger,https://unstats.un.org/SDGAPI/swagger/v1/swagger.json,,,,,
UN Global SDG Indicators Database,un-sdg,V1SdgIndicatorPivotDataGet,GET,/v1/sdg/Indicator/PivotData,page,query,integer,False,information en lecture seule,information,Page number,True,False,False,provider OpenAPI/Swagger,https://unstats.un.org/SDGAPI/swagger/v1/swagger.json,,,,,
UN Global SDG Indicators Database,un-sdg,V1SdgIndicatorPivotDataGet,GET,/v1/sdg/Indicator/PivotData,pageSize,query,integer,False,information en lecture seule,information,Number of records per page,True,False,False,provider OpenAPI/Swagger,https://unstats.un.org/SDGAPI/swagger/v1/swagger.json,,,,,
UN Global SDG Indicators Database,un-sdg,V1SdgSDMXMetadataGetSDMXMetaDataPost,POST,/v1/sdg/SDMXMetadata/GetSDMXMetaData,conceptIds,query,string,False,information en lecture seule,information,,True,False,False,provider OpenAPI/Swagger,https://unstats.un.org/SDGAPI/swagger/v1/swagger.json,,,,,
UN Global SDG Indicators Database,un-sdg,V1SdgSDMXMetadataGetSDMXMetaDataPost,POST,/v1/sdg/SDMXMetadata/GetSDMXMetaData,serieses,query,string,False,information en lecture seule,information,,True,False,False,provider OpenAPI/Swagger,https://unstats.un.org/SDGAPI/swagger/v1/swagger.json,,,,,
UN Global SDG Indicators Database,un-sdg,V1SdgSDMXMetadataGetSDMXMetaDataPost,POST,/v1/sdg/SDMXMetadata/GetSDMXMetaData,sort,query,integer,True,information en lecture seule,information,,True,False,False,provider OpenAPI/Swagger,https://unstats.un.org/SDGAPI/swagger/v1/swagger.json,,,,,
UN Global SDG Indicators Database,un-sdg,V1SdgSeriesBySerieCodeListGet,GET,/v1/sdg/Series/{serieCode}/List,allreleases,query,boolean,True,information en lecture seule,information,Include older releases,True,False,False,provider OpenAPI/Swagger,https://unstats.un.org/SDGAPI/swagger/v1/swagger.json,,,,,
UN Global SDG Indicators Database,un-sdg,V1SdgSeriesBySerieCodeListGet,GET,/v1/sdg/Series/{serieCode}/List,serieCode,path,string,True,information en lecture seule,information,,True,False,False,provider OpenAPI/Swagger,https://unstats.un.org/SDGAPI/swagger/v1/swagger.json,,,,,
UN Global SDG Indicators Database,un-sdg,V1SdgSeriesBySerieCodeListGet,GET,/v1/sdg/Series/{serieCode}/List,seriesCode,path,string,True,information en lecture seule,information,SDMX code for that series,True,False,False,provider OpenAPI/Swagger,https://unstats.un.org/SDGAPI/swagger/v1/swagger.json,,,,,
UN Global SDG Indicators Database,un-sdg,V1SdgSeriesBySeriesCodeAttributesGet,GET,/v1/sdg/Series/{seriesCode}/Attributes,seriesCode,path,string,True,information en lecture seule,information,SDMX code for that series,True,False,False,provider OpenAPI/Swagger,https://unstats.un.org/SDGAPI/swagger/v1/swagger.json,,,,,
UN Global SDG Indicators Database,un-sdg,V1SdgSeriesBySeriesCodeDimensionsGet,GET,/v1/sdg/Series/{seriesCode}/Dimensions,seriesCode,path,string,True,information en lecture seule,information,SDMX code for that series,True,False,False,provider OpenAPI/Swagger,https://unstats.un.org/SDGAPI/swagger/v1/swagger.json,,,,,
UN Global SDG Indicators Database,un-sdg,V1SdgSeriesBySeriesCodeGeoAreaByGeoAreaCodeDataSliceGet,GET,/v1/sdg/Series/{seriesCode}/GeoArea/{geoAreaCode}/DataSlice,dimensions,query,string,False,information en lecture seule,information,"Array of name - values eg: [{name:""Age"",values:[""15+"",""15-24""]}]",True,False,False,provider OpenAPI/Swagger,https://unstats.un.org/SDGAPI/swagger/v1/swagger.json,,,,,
UN Global SDG Indicators Database,un-sdg,V1SdgSeriesBySeriesCodeGeoAreaByGeoAreaCodeDataSliceGet,GET,/v1/sdg/Series/{seriesCode}/GeoArea/{geoAreaCode}/DataSlice,geoAreaCode,path,integer,True,information en lecture seule,information,M49 code for the geography,True,False,False,provider OpenAPI/Swagger,https://unstats.un.org/SDGAPI/swagger/v1/swagger.json,,,,,
UN Global SDG Indicators Database,un-sdg,V1SdgSeriesBySeriesCodeGeoAreaByGeoAreaCodeDataSliceGet,GET,/v1/sdg/Series/{seriesCode}/GeoArea/{geoAreaCode}/DataSlice,seriesCode,path,string,True,information en lecture seule,information,SDMX code for that series,True,False,False,provider OpenAPI/Swagger,https://unstats.un.org/SDGAPI/swagger/v1/swagger.json,,,,,
UN Global SDG Indicators Database,un-sdg,V1SdgSeriesBySeriesCodeGeoAreaByGeoAreaCodeDataSliceGet,GET,/v1/sdg/Series/{seriesCode}/GeoArea/{geoAreaCode}/DataSlice,timePeriods,query,string,False,information en lecture seule,information,"List of years from which we want data eg: [""2000"",""2010""]",True,False,False,provider OpenAPI/Swagger,https://unstats.un.org/SDGAPI/swagger/v1/swagger.json,,,,,
UN Global SDG Indicators Database,un-sdg,V1SdgSeriesBySeriesCodeGeoAreasGet,GET,/v1/sdg/Series/{seriesCode}/GeoAreas,seriesCode,path,string,True,information en lecture seule,information,SDMX code for that series,True,False,False,provider OpenAPI/Swagger,https://unstats.un.org/SDGAPI/swagger/v1/swagger.json,,,,,
UN Global SDG Indicators Database,un-sdg,V1SdgSeriesDataCSVPost,POST,/v1/sdg/Series/DataCSV,areaCodes,formData,array,False,information en lecture seule,information,List of M49 values,True,False,False,provider OpenAPI/Swagger,https://unstats.un.org/SDGAPI/swagger/v1/swagger.json,,,,,
UN Global SDG Indicators Database,un-sdg,V1SdgSeriesDataCSVPost,POST,/v1/sdg/Series/DataCSV,seriesCodes,formData,array,False,information en lecture seule,information,SDMX code for that series,True,False,False,provider OpenAPI/Swagger,https://unstats.un.org/SDGAPI/swagger/v1/swagger.json,,,,,
UN Global SDG Indicators Database,un-sdg,V1SdgSeriesDataCSVPost,POST,/v1/sdg/Series/DataCSV,timePeriodEnd,formData,number,False,information en lecture seule,information,Tine sertues end point,True,False,False,provider OpenAPI/Swagger,https://unstats.un.org/SDGAPI/swagger/v1/swagger.json,,,,,
UN Global SDG Indicators Database,un-sdg,V1SdgSeriesDataCSVPost,POST,/v1/sdg/Series/DataCSV,timePeriodStart,formData,number,False,information en lecture seule,information,Time series start point,True,False,False,provider OpenAPI/Swagger,https://unstats.un.org/SDGAPI/swagger/v1/swagger.json,,,,,
UN Global SDG Indicators Database,un-sdg,V1SdgSeriesDataCountPost,POST,/v1/sdg/Series/DataCount,areaCodes,formData,array,False,information en lecture seule,information,Code for a group of regions,True,False,False,provider OpenAPI/Swagger,https://unstats.un.org/SDGAPI/swagger/v1/swagger.json,,,,,
UN Global SDG Indicators Database,un-sdg,V1SdgSeriesDataCountPost,POST,/v1/sdg/Series/DataCount,seriesCodes,formData,array,False,information en lecture seule,information,SDMX code for that series,True,False,False,provider OpenAPI/Swagger,https://unstats.un.org/SDGAPI/swagger/v1/swagger.json,,,,,
UN Global SDG Indicators Database,un-sdg,V1SdgSeriesDataCountPost,POST,/v1/sdg/Series/DataCount,timePeriodEnd,formData,number,False,information en lecture seule,information,Tine sertues end point,True,False,False,provider OpenAPI/Swagger,https://unstats.un.org/SDGAPI/swagger/v1/swagger.json,,,,,
UN Global SDG Indicators Database,un-sdg,V1SdgSeriesDataCountPost,POST,/v1/sdg/Series/DataCount,timePeriodStart,formData,number,False,information en lecture seule,information,Time series start point,True,False,False,provider OpenAPI/Swagger,https://unstats.un.org/SDGAPI/swagger/v1/swagger.json,,,,,
UN Global SDG Indicators Database,un-sdg,V1SdgSeriesDataExcelPost,POST,/v1/sdg/Series/DataExcel,areaCodes,formData,array,False,information en lecture seule,information,List of M49 values,True,False,False,provider OpenAPI/Swagger,https://unstats.un.org/SDGAPI/swagger/v1/swagger.json,,,,,
UN Global SDG Indicators Database,un-sdg,V1SdgSeriesDataExcelPost,POST,/v1/sdg/Series/DataExcel,seriesCodes,formData,array,False,information en lecture seule,information,Code for that series,True,False,False,provider OpenAPI/Swagger,https://unstats.un.org/SDGAPI/swagger/v1/swagger.json,,,,,
UN Global SDG Indicators Database,un-sdg,V1SdgSeriesDataExcelPost,POST,/v1/sdg/Series/DataExcel,timePeriodEnd,formData,number,False,information en lecture seule,information,Tine sertues end point,True,False,False,provider OpenAPI/Swagger,https://unstats.un.org/SDGAPI/swagger/v1/swagger.json,,,,,
UN Global SDG Indicators Database,un-sdg,V1SdgSeriesDataExcelPost,POST,/v1/sdg/Series/DataExcel,timePeriodStart,formData,number,False,information en lecture seule,information,Time series start point,True,False,False,provider OpenAPI/Swagger,https://unstats.un.org/SDGAPI/swagger/v1/swagger.json,,,,,
UN Global SDG Indicators Database,un-sdg,V1SdgSeriesDataGet,GET,/v1/sdg/Series/Data,areaCode,query,array,False,information en lecture seule,information,List of M49 values,True,False,False,provider OpenAPI/Swagger,https://unstats.un.org/SDGAPI/swagger/v1/swagger.json,,,,,
UN Global SDG Indicators Database,un-sdg,V1SdgSeriesDataGet,GET,/v1/sdg/Series/Data,dimensions,query,string,False,information en lecture seule,information,"Array of name - values eg: [{name:""Age"",values:[""15+"",""15-24""]}]",True,False,False,provider OpenAPI/Swagger,https://unstats.un.org/SDGAPI/swagger/v1/swagger.json,,,,,
UN Global SDG Indicators Database,un-sdg,V1SdgSeriesDataGet,GET,/v1/sdg/Series/Data,page,query,integer,False,information en lecture seule,information,Page number,True,False,False,provider OpenAPI/Swagger,https://unstats.un.org/SDGAPI/swagger/v1/swagger.json,,,,,
UN Global SDG Indicators Database,un-sdg,V1SdgSeriesDataGet,GET,/v1/sdg/Series/Data,pageSize,query,integer,False,information en lecture seule,information,Number of records per page,True,False,False,provider OpenAPI/Swagger,https://unstats.un.org/SDGAPI/swagger/v1/swagger.json,,,,,
UN Global SDG Indicators Database,un-sdg,V1SdgSeriesDataGet,GET,/v1/sdg/Series/Data,releaseCode,query,string,False,information en lecture seule,information,Code of the releases that we are querying,True,False,False,provider OpenAPI/Swagger,https://unstats.un.org/SDGAPI/swagger/v1/swagger.json,,,,,
UN Global SDG Indicators Database,un-sdg,V1SdgSeriesDataGet,GET,/v1/sdg/Series/Data,seriesCode,query,array,False,information en lecture seule,information,SDMX code for that series,True,False,False,provider OpenAPI/Swagger,https://unstats.un.org/SDGAPI/swagger/v1/swagger.json,,,,,
UN Global SDG Indicators Database,un-sdg,V1SdgSeriesDataGet,GET,/v1/sdg/Series/Data,timePeriod,query,array,False,information en lecture seule,information,"List of years from which we want data eg: [""2000"",""2010""]",True,False,False,provider OpenAPI/Swagger,https://unstats.un.org/SDGAPI/swagger/v1/swagger.json,,,,,
UN Global SDG Indicators Database,un-sdg,V1SdgSeriesDataGet,GET,/v1/sdg/Series/Data,timePeriodEnd,query,number,False,information en lecture seule,information,Tine sertues end point,True,False,False,provider OpenAPI/Swagger,https://unstats.un.org/SDGAPI/swagger/v1/swagger.json,,,,,
UN Global SDG Indicators Database,un-sdg,V1SdgSeriesDataGet,GET,/v1/sdg/Series/Data,timePeriodStart,query,number,False,information en lecture seule,information,Time series start point,True,False,False,provider OpenAPI/Swagger,https://unstats.un.org/SDGAPI/swagger/v1/swagger.json,,,,,
UN Global SDG Indicators Database,un-sdg,V1SdgSeriesEmailDataCSVPost,POST,/v1/sdg/Series/EmailDataCSV,areaCodes,formData,array,False,information en lecture seule,information,List of M49 values,True,False,False,provider OpenAPI/Swagger,https://unstats.un.org/SDGAPI/swagger/v1/swagger.json,,,,,
UN Global SDG Indicators Database,un-sdg,V1SdgSeriesEmailDataCSVPost,POST,/v1/sdg/Series/EmailDataCSV,comments,formData,string,False,information en lecture seule,information,,True,False,False,provider OpenAPI/Swagger,https://unstats.un.org/SDGAPI/swagger/v1/swagger.json,,,,,
UN Global SDG Indicators Database,un-sdg,V1SdgSeriesEmailDataCSVPost,POST,/v1/sdg/Series/EmailDataCSV,email,formData,string,False,information en lecture seule,information,Email to which the link will be send,True,False,False,provider OpenAPI/Swagger,https://unstats.un.org/SDGAPI/swagger/v1/swagger.json,,,,,
UN Global SDG Indicators Database,un-sdg,V1SdgSeriesEmailDataCSVPost,POST,/v1/sdg/Series/EmailDataCSV,firstname,formData,string,False,information en lecture seule,information,,True,False,False,provider OpenAPI/Swagger,https://unstats.un.org/SDGAPI/swagger/v1/swagger.json,,,,,
UN Global SDG Indicators Database,un-sdg,V1SdgSeriesEmailDataCSVPost,POST,/v1/sdg/Series/EmailDataCSV,lastname,formData,string,False,information en lecture seule,information,,True,False,False,provider OpenAPI/Swagger,https://unstats.un.org/SDGAPI/swagger/v1/swagger.json,,,,,
UN Global SDG Indicators Database,un-sdg,V1SdgSeriesEmailDataCSVPost,POST,/v1/sdg/Series/EmailDataCSV,seriesCodes,formData,array,False,information en lecture seule,information,SDMX code for that series,True,False,False,provider OpenAPI/Swagger,https://unstats.un.org/SDGAPI/swagger/v1/swagger.json,,,,,
UN Global SDG Indicators Database,un-sdg,V1SdgSeriesEmailDataCSVPost,POST,/v1/sdg/Series/EmailDataCSV,timePeriodEnd,formData,number,False,information en lecture seule,information,Tine sertues end point,True,False,False,provider OpenAPI/Swagger,https://unstats.un.org/SDGAPI/swagger/v1/swagger.json,,,,,
UN Global SDG Indicators Database,un-sdg,V1SdgSeriesEmailDataCSVPost,POST,/v1/sdg/Series/EmailDataCSV,timePeriodStart,formData,number,False,information en lecture seule,information,Time series start point,True,False,False,provider OpenAPI/Swagger,https://unstats.un.org/SDGAPI/swagger/v1/swagger.json,,,,,
UN Global SDG Indicators Database,un-sdg,V1SdgSeriesEmailDataCSVPost,POST,/v1/sdg/Series/EmailDataCSV,usertype,formData,string,False,information en lecture seule,information,,True,False,False,provider OpenAPI/Swagger,https://unstats.un.org/SDGAPI/swagger/v1/swagger.json,,,,,
UN Global SDG Indicators Database,un-sdg,V1SdgSeriesEmailDataExcelPost,POST,/v1/sdg/Series/EmailDataExcel,areaCodes,formData,array,False,information en lecture seule,information,List of M49 values,True,False,False,provider OpenAPI/Swagger,https://unstats.un.org/SDGAPI/swagger/v1/swagger.json,,,,,
UN Global SDG Indicators Database,un-sdg,V1SdgSeriesEmailDataExcelPost,POST,/v1/sdg/Series/EmailDataExcel,comments,formData,string,False,information en lecture seule,information,,True,False,False,provider OpenAPI/Swagger,https://unstats.un.org/SDGAPI/swagger/v1/swagger.json,,,,,
UN Global SDG Indicators Database,un-sdg,V1SdgSeriesEmailDataExcelPost,POST,/v1/sdg/Series/EmailDataExcel,email,formData,string,False,information en lecture seule,information,Email to which the link will be send,True,False,False,provider OpenAPI/Swagger,https://unstats.un.org/SDGAPI/swagger/v1/swagger.json,,,,,
UN Global SDG Indicators Database,un-sdg,V1SdgSeriesEmailDataExcelPost,POST,/v1/sdg/Series/EmailDataExcel,firstname,formData,string,False,information en lecture seule,information,,True,False,False,provider OpenAPI/Swagger,https://unstats.un.org/SDGAPI/swagger/v1/swagger.json,,,,,
UN Global SDG Indicators Database,un-sdg,V1SdgSeriesEmailDataExcelPost,POST,/v1/sdg/Series/EmailDataExcel,lastname,formData,string,False,information en lecture seule,information,,True,False,False,provider OpenAPI/Swagger,https://unstats.un.org/SDGAPI/swagger/v1/swagger.json,,,,,
UN Global SDG Indicators Database,un-sdg,V1SdgSeriesEmailDataExcelPost,POST,/v1/sdg/Series/EmailDataExcel,seriesCodes,formData,array,False,information en lecture seule,information,SDMX code for that series,True,False,False,provider OpenAPI/Swagger,https://unstats.un.org/SDGAPI/swagger/v1/swagger.json,,,,,
UN Global SDG Indicators Database,un-sdg,V1SdgSeriesEmailDataExcelPost,POST,/v1/sdg/Series/EmailDataExcel,timePeriodEnd,formData,number,False,information en lecture seule,information,Tine sertues end point,True,False,False,provider OpenAPI/Swagger,https://unstats.un.org/SDGAPI/swagger/v1/swagger.json,,,,,
UN Global SDG Indicators Database,un-sdg,V1SdgSeriesEmailDataExcelPost,POST,/v1/sdg/Series/EmailDataExcel,timePeriodStart,formData,number,False,information en lecture seule,information,Time series start point,True,False,False,provider OpenAPI/Swagger,https://unstats.un.org/SDGAPI/swagger/v1/swagger.json,,,,,
UN Global SDG Indicators Database,un-sdg,V1SdgSeriesEmailDataExcelPost,POST,/v1/sdg/Series/EmailDataExcel,usertype,formData,string,False,information en lecture seule,information,,True,False,False,provider OpenAPI/Swagger,https://unstats.un.org/SDGAPI/swagger/v1/swagger.json,,,,,
UN Global SDG Indicators Database,un-sdg,V1SdgSeriesGeoAreaCodePost,POST,/v1/sdg/Series/GeoAreaCode,seriesCodes,formData,array,False,information en lecture seule,information,SDMX code for that series,True,False,False,provider OpenAPI/Swagger,https://unstats.un.org/SDGAPI/swagger/v1/swagger.json,,,,,
UN Global SDG Indicators Database,un-sdg,V1SdgSeriesListGet,GET,/v1/sdg/Series/List,allreleases,query,boolean,True,information en lecture seule,information,Includes older releases,True,False,False,provider OpenAPI/Swagger,https://unstats.un.org/SDGAPI/swagger/v1/swagger.json,,,,,
UN Global SDG Indicators Database,un-sdg,V1SdgSeriesPivotDataExcelPost,POST,/v1/sdg/Series/PivotDataExcel,areaCodes,formData,array,False,information en lecture seule,information,List of M49 values,True,False,False,provider OpenAPI/Swagger,https://unstats.un.org/SDGAPI/swagger/v1/swagger.json,,,,,
UN Global SDG Indicators Database,un-sdg,V1SdgSeriesPivotDataExcelPost,POST,/v1/sdg/Series/PivotDataExcel,seriesCodes,formData,array,False,information en lecture seule,information,SDMX code for that series,True,False,False,provider OpenAPI/Swagger,https://unstats.un.org/SDGAPI/swagger/v1/swagger.json,,,,,
UN Global SDG Indicators Database,un-sdg,V1SdgSeriesPivotDataExcelPost,POST,/v1/sdg/Series/PivotDataExcel,timePeriodEnd,formData,number,False,information en lecture seule,information,Tine sertues end point,True,False,False,provider OpenAPI/Swagger,https://unstats.un.org/SDGAPI/swagger/v1/swagger.json,,,,,
UN Global SDG Indicators Database,un-sdg,V1SdgSeriesPivotDataExcelPost,POST,/v1/sdg/Series/PivotDataExcel,timePeriodStart,formData,number,False,information en lecture seule,information,Time series start point,True,False,False,provider OpenAPI/Swagger,https://unstats.un.org/SDGAPI/swagger/v1/swagger.json,,,,,
UN Global SDG Indicators Database,un-sdg,V1SdgSeriesPivotDataGet,GET,/v1/sdg/Series/PivotData,areaCode,query,array,False,information en lecture seule,information,List of M49 values,True,False,False,provider OpenAPI/Swagger,https://unstats.un.org/SDGAPI/swagger/v1/swagger.json,,,,,
UN Global SDG Indicators Database,un-sdg,V1SdgSeriesPivotDataGet,GET,/v1/sdg/Series/PivotData,dimensions,query,string,False,information en lecture seule,information,"Array of name - values eg: [{name:""Age"",values:[""15+"",""15-24""]}]",True,False,False,provider OpenAPI/Swagger,https://unstats.un.org/SDGAPI/swagger/v1/swagger.json,,,,,
UN Global SDG Indicators Database,un-sdg,V1SdgSeriesPivotDataGet,GET,/v1/sdg/Series/PivotData,page,query,integer,False,information en lecture seule,information,Page number,True,False,False,provider OpenAPI/Swagger,https://unstats.un.org/SDGAPI/swagger/v1/swagger.json,,,,,
UN Global SDG Indicators Database,un-sdg,V1SdgSeriesPivotDataGet,GET,/v1/sdg/Series/PivotData,pageSize,query,integer,False,information en lecture seule,information,Number of records per page,True,False,False,provider OpenAPI/Swagger,https://unstats.un.org/SDGAPI/swagger/v1/swagger.json,,,,,
UN Global SDG Indicators Database,un-sdg,V1SdgSeriesPivotDataGet,GET,/v1/sdg/Series/PivotData,releaseCode,query,string,False,information en lecture seule,information,Code of the releases that we are querying,True,False,False,provider OpenAPI/Swagger,https://unstats.un.org/SDGAPI/swagger/v1/swagger.json,,,,,
UN Global SDG Indicators Database,un-sdg,V1SdgSeriesPivotDataGet,GET,/v1/sdg/Series/PivotData,seriesCode,query,array,False,information en lecture seule,information,SDMX code for that series,True,False,False,provider OpenAPI/Swagger,https://unstats.un.org/SDGAPI/swagger/v1/swagger.json,,,,,
UN Global SDG Indicators Database,un-sdg,V1SdgSeriesPivotDataPost,POST,/v1/sdg/Series/PivotData,areaCode,formData,array,False,information en lecture seule,information,List of M49 values,True,False,False,provider OpenAPI/Swagger,https://unstats.un.org/SDGAPI/swagger/v1/swagger.json,,,,,
UN Global SDG Indicators Database,un-sdg,V1SdgSeriesPivotDataPost,POST,/v1/sdg/Series/PivotData,dimensions,formData,string,False,information en lecture seule,information,"Array of name - values eg: [{name:""Age"",values:[""15+"",""15-24""]}]",True,False,False,provider OpenAPI/Swagger,https://unstats.un.org/SDGAPI/swagger/v1/swagger.json,,,,,
UN Global SDG Indicators Database,un-sdg,V1SdgSeriesPivotDataPost,POST,/v1/sdg/Series/PivotData,page,formData,integer,False,information en lecture seule,information,Page number,True,False,False,provider OpenAPI/Swagger,https://unstats.un.org/SDGAPI/swagger/v1/swagger.json,,,,,
UN Global SDG Indicators Database,un-sdg,V1SdgSeriesPivotDataPost,POST,/v1/sdg/Series/PivotData,pageSize,formData,integer,False,information en lecture seule,information,Number of records per page,True,False,False,provider OpenAPI/Swagger,https://unstats.un.org/SDGAPI/swagger/v1/swagger.json,,,,,
UN Global SDG Indicators Database,un-sdg,V1SdgSeriesPivotDataPost,POST,/v1/sdg/Series/PivotData,releaseCode,formData,string,False,information en lecture seule,information,Code of the releases that we are querying,True,False,False,provider OpenAPI/Swagger,https://unstats.un.org/SDGAPI/swagger/v1/swagger.json,,,,,
UN Global SDG Indicators Database,un-sdg,V1SdgSeriesPivotDataPost,POST,/v1/sdg/Series/PivotData,seriesCode,formData,array,False,information en lecture seule,information,SDMX code for that series,True,False,False,provider OpenAPI/Swagger,https://unstats.un.org/SDGAPI/swagger/v1/swagger.json,,,,,
UN Global SDG Indicators Database,un-sdg,V1SdgSeriesTimePeriodsPost,POST,/v1/sdg/Series/TimePeriods,areaCodes,formData,array,False,information en lecture seule,information,Code for a group of regions,True,False,False,provider OpenAPI/Swagger,https://unstats.un.org/SDGAPI/swagger/v1/swagger.json,,,,,
UN Global SDG Indicators Database,un-sdg,V1SdgSeriesTimePeriodsPost,POST,/v1/sdg/Series/TimePeriods,seriesCodes,formData,array,False,information en lecture seule,information,SDMX code for that series,True,False,False,provider OpenAPI/Swagger,https://unstats.un.org/SDGAPI/swagger/v1/swagger.json,,,,,
UN Global SDG Indicators Database,un-sdg,V1SdgTargetByTargetCodeGeoAreasGet,GET,/v1/sdg/Target/{targetCode}/GeoAreas,targetcode,path,string,True,information en lecture seule,information,Code for that target,True,False,False,provider OpenAPI/Swagger,https://unstats.un.org/SDGAPI/swagger/v1/swagger.json,,,,,
UN Global SDG Indicators Database,un-sdg,V1SdgTargetByTargetCodeIndicatorListGet,GET,/v1/sdg/Target/{targetCode}/Indicator/List,includechildren,query,boolean,True,information en lecture seule,information,"Includes information for Target, Series and indicators",True,False,False,provider OpenAPI/Swagger,https://unstats.un.org/SDGAPI/swagger/v1/swagger.json,,,,,
UN Global SDG Indicators Database,un-sdg,V1SdgTargetByTargetCodeIndicatorListGet,GET,/v1/sdg/Target/{targetCode}/Indicator/List,targetcode,path,string,True,information en lecture seule,information,Code of the target that we are querying,True,False,False,provider OpenAPI/Swagger,https://unstats.un.org/SDGAPI/swagger/v1/swagger.json,,,,,
UN Global SDG Indicators Database,un-sdg,V1SdgTargetDataGet,GET,/v1/sdg/Target/Data,areaCode,query,array,False,information en lecture seule,information,List of M49 values,True,False,False,provider OpenAPI/Swagger,https://unstats.un.org/SDGAPI/swagger/v1/swagger.json,,,,,
UN Global SDG Indicators Database,un-sdg,V1SdgTargetDataGet,GET,/v1/sdg/Target/Data,dimensions,query,string,False,information en lecture seule,information,"Array of name - values eg: [{name:""Age"",values:[""15+"",""15-24""]}]",True,False,False,provider OpenAPI/Swagger,https://unstats.un.org/SDGAPI/swagger/v1/swagger.json,,,,,
UN Global SDG Indicators Database,un-sdg,V1SdgTargetDataGet,GET,/v1/sdg/Target/Data,page,query,integer,False,information en lecture seule,information,Page number,True,False,False,provider OpenAPI/Swagger,https://unstats.un.org/SDGAPI/swagger/v1/swagger.json,,,,,
UN Global SDG Indicators Database,un-sdg,V1SdgTargetDataGet,GET,/v1/sdg/Target/Data,pageSize,query,integer,False,information en lecture seule,information,Number of records per page,True,False,False,provider OpenAPI/Swagger,https://unstats.un.org/SDGAPI/swagger/v1/swagger.json,,,,,
UN Global SDG Indicators Database,un-sdg,V1SdgTargetDataGet,GET,/v1/sdg/Target/Data,target,query,array,False,information en lecture seule,information,List of codes for the targets we are queying,True,False,False,provider OpenAPI/Swagger,https://unstats.un.org/SDGAPI/swagger/v1/swagger.json,,,,,
UN Global SDG Indicators Database,un-sdg,V1SdgTargetDataGet,GET,/v1/sdg/Target/Data,timePeriod,query,array,False,information en lecture seule,information,"List of years from which we want data eg: [""2000"",""2010""]",True,False,False,provider OpenAPI/Swagger,https://unstats.un.org/SDGAPI/swagger/v1/swagger.json,,,,,
UN Global SDG Indicators Database,un-sdg,V1SdgTargetDataGet,GET,/v1/sdg/Target/Data,timePeriodEnd,query,number,False,information en lecture seule,information,Tine sertues end point,True,False,False,provider OpenAPI/Swagger,https://unstats.un.org/SDGAPI/swagger/v1/swagger.json,,,,,
UN Global SDG Indicators Database,un-sdg,V1SdgTargetDataGet,GET,/v1/sdg/Target/Data,timePeriodStart,query,number,False,information en lecture seule,information,Time series start point,True,False,False,provider OpenAPI/Swagger,https://unstats.un.org/SDGAPI/swagger/v1/swagger.json,,,,,
UN Global SDG Indicators Database,un-sdg,V1SdgTargetListGet,GET,/v1/sdg/Target/List,includechildren,query,boolean,True,information en lecture seule,information,,True,False,False,provider OpenAPI/Swagger,https://unstats.un.org/SDGAPI/swagger/v1/swagger.json,,,,,
UN Global SDG Indicators Database,un-sdg,V1SdgTargetPivotDataGet,GET,/v1/sdg/Target/PivotData,areaCode,query,array,False,information en lecture seule,information,List of M49 values,True,False,False,provider OpenAPI/Swagger,https://unstats.un.org/SDGAPI/swagger/v1/swagger.json,,,,,
UN Global SDG Indicators Database,un-sdg,V1SdgTargetPivotDataGet,GET,/v1/sdg/Target/PivotData,dimensions,query,string,False,information en lecture seule,information,"Array of name - values eg: [{name:""Age"",values:[""15+"",""15-24""]}]",True,False,False,provider OpenAPI/Swagger,https://unstats.un.org/SDGAPI/swagger/v1/swagger.json,,,,,
UN Global SDG Indicators Database,un-sdg,V1SdgTargetPivotDataGet,GET,/v1/sdg/Target/PivotData,page,query,integer,False,information en lecture seule,information,Page number,True,False,False,provider OpenAPI/Swagger,https://unstats.un.org/SDGAPI/swagger/v1/swagger.json,,,,,
UN Global SDG Indicators Database,un-sdg,V1SdgTargetPivotDataGet,GET,/v1/sdg/Target/PivotData,pageSize,query,integer,False,information en lecture seule,information,Number of records per page,True,False,False,provider OpenAPI/Swagger,https://unstats.un.org/SDGAPI/swagger/v1/swagger.json,,,,,
UN Global SDG Indicators Database,un-sdg,V1SdgTargetPivotDataGet,GET,/v1/sdg/Target/PivotData,target,query,array,False,information en lecture seule,information,List of codes for the targets we are querying,True,False,False,provider OpenAPI/Swagger,https://unstats.un.org/SDGAPI/swagger/v1/swagger.json,,,,,
UN Global SDG Indicators Database,un-sdg,V1SdgUserEmailExistGet,GET,/v1/sdg/User/EmailExist,email,query,string,False,information en lecture seule,information,,True,False,False,provider OpenAPI/Swagger,https://unstats.un.org/SDGAPI/swagger/v1/swagger.json,,,,,
UNHCR Refugee Statistics,unhcr,Configuration globale HDP,CONFIG,https://api.unhcr.org/population/v1/population/,accept_language,configuration globale,string,False,liste de sélection,modifiable,,False,True,False,source_registry:global,https://api.unhcr.org/docs/refugee-statistics.html,en,"['en', 'fr', 'es', 'ar', 'zh']",,,
UNHCR Refugee Statistics,unhcr,Configuration globale HDP,CONFIG,https://api.unhcr.org/population/v1/population/,api_version,configuration globale,string,False,information en lecture seule,information,,True,False,False,source_registry:global,https://api.unhcr.org/docs/refugee-statistics.html,v1,['v1'],,,
UNHCR Refugee Statistics,unhcr,Configuration globale HDP,CONFIG,https://api.unhcr.org/population/v1/population/,backoff_seconds,configuration globale,integer,False,champ numérique,modifiable,,False,True,False,source_registry:global,https://api.unhcr.org/docs/refugee-statistics.html,2,,1,60,
UNHCR Refugee Statistics,unhcr,Configuration globale HDP,CONFIG,https://api.unhcr.org/population/v1/population/,connect_timeout_seconds,configuration globale,integer,False,champ numérique,modifiable,Délai maximal consacré à l’établissement de la connexion HTTPS.,False,True,False,source_registry:global,https://api.unhcr.org/docs/refugee-statistics.html,20,,3,60,
UNHCR Refugee Statistics,unhcr,Configuration globale HDP,CONFIG,https://api.unhcr.org/population/v1/population/,country_reference,configuration globale,string,False,information en lecture seule,information,,True,False,False,source_registry:global,https://api.unhcr.org/docs/refugee-statistics.html,ISO,['ISO'],,,
UNHCR Refugee Statistics,unhcr,Configuration globale HDP,CONFIG,https://api.unhcr.org/population/v1/population/,enabled,configuration globale,boolean,False,case à cocher,modifiable,,False,True,False,source_registry:global,https://api.unhcr.org/docs/refugee-statistics.html,True,,,,
UNHCR Refugee Statistics,unhcr,Configuration globale HDP,CONFIG,https://api.unhcr.org/population/v1/population/,max_response_bytes,configuration globale,integer,False,champ numérique,modifiable,"La réponse JSON est refusée au-delà de cette limite, avant décodage.",False,True,False,source_registry:global,https://api.unhcr.org/docs/refugee-statistics.html,25000000,,100000,200000000,
UNHCR Refugee Statistics,unhcr,Configuration globale HDP,CONFIG,https://api.unhcr.org/population/v1/population/,retry_count,configuration globale,integer,False,champ numérique,modifiable,,False,True,False,source_registry:global,https://api.unhcr.org/docs/refugee-statistics.html,2,,0,5,
UNHCR Refugee Statistics,unhcr,Configuration globale HDP,CONFIG,https://api.unhcr.org/population/v1/population/,timeout_seconds,configuration globale,integer,False,champ numérique,modifiable,,False,True,False,source_registry:global,https://api.unhcr.org/docs/refugee-statistics.html,40,,5,180,
UNHCR Refugee Statistics,unhcr,Configuration globale HDP,CONFIG,https://api.unhcr.org/population/v1/population/,user_agent,configuration globale,string,False,champ texte / mots-clés,modifiable,Identifie clairement le client HDP auprès du fournisseur de données.,False,True,False,source_registry:global,https://api.unhcr.org/docs/refugee-statistics.html,HDP/6.0.0,,,,
UNHCR Refugee Statistics,unhcr,Recherche / paramètres projet HDP,GET,https://api.unhcr.org/population/v1/population/,auto_download,interface projet,boolean,True,case à cocher,modifiable,,False,True,False,source_registry:project,https://api.unhcr.org/docs/refugee-statistics.html,False,,,,
UNHCR Refugee Statistics,unhcr,Recherche / paramètres projet HDP,GET,https://api.unhcr.org/population/v1/population/,country_of_asylum,interface projet,string,False,champ texte / mots-clés,modifiable,,False,True,False,source_registry:project,https://api.unhcr.org/docs/refugee-statistics.html,,,,,"^$|^[A-Z]{3}(,[A-Z]{3})*$"
UNHCR Refugee Statistics,unhcr,Recherche / paramètres projet HDP,GET,https://api.unhcr.org/population/v1/population/,country_of_origin,interface projet,string,False,champ texte / mots-clés,modifiable,,False,True,False,source_registry:project,https://api.unhcr.org/docs/refugee-statistics.html,,,,,"^$|^[A-Z]{3}(,[A-Z]{3})*$"
UNHCR Refugee Statistics,unhcr,Recherche / paramètres projet HDP,GET,https://api.unhcr.org/population/v1/population/,date_from,interface projet,string,False,champ texte / mots-clés,modifiable,Critère commun ISO 8601. Filtré après normalisation si l’API ne l’expose pas nativement.,False,True,False,source_registry:project,https://api.unhcr.org/docs/refugee-statistics.html,,,,,^$|^\d{4}-\d{2}-\d{2}$
UNHCR Refugee Statistics,unhcr,Recherche / paramètres projet HDP,GET,https://api.unhcr.org/population/v1/population/,date_to,interface projet,string,False,champ texte / mots-clés,modifiable,Critère commun ISO 8601 inclusif.,False,True,False,source_registry:project,https://api.unhcr.org/docs/refugee-statistics.html,,,,,^$|^\d{4}-\d{2}-\d{2}$
UNHCR Refugee Statistics,unhcr,Recherche / paramètres projet HDP,GET,https://api.unhcr.org/population/v1/population/,location,interface projet,string,False,champ texte / mots-clés,modifiable,"Pays, territoire, zone ou lieu recherché dans les métadonnées normalisées.",False,True,False,source_registry:project,https://api.unhcr.org/docs/refugee-statistics.html,,,,,
UNHCR Refugee Statistics,unhcr,Recherche / paramètres projet HDP,GET,https://api.unhcr.org/population/v1/population/,page,interface projet,integer,False,champ numérique,modifiable,,False,True,False,source_registry:project,https://api.unhcr.org/docs/refugee-statistics.html,1,,1,10000,
UNHCR Refugee Statistics,unhcr,Recherche / paramètres projet HDP,GET,https://api.unhcr.org/population/v1/population/,query,interface projet,string,True,champ texte / mots-clés,modifiable,Mots-clés transmis ou utilisés pour filtrer le catalogue (2 caractères minimum lors de l’exécution).,False,True,False,source_registry:project,https://api.unhcr.org/docs/refugee-statistics.html,,,,,
UNHCR Refugee Statistics,unhcr,Recherche / paramètres projet HDP,GET,https://api.unhcr.org/population/v1/population/,result_limit,interface projet,integer,True,champ numérique,modifiable,,False,True,False,source_registry:project,https://api.unhcr.org/docs/refugee-statistics.html,25,,1,100,
UNHCR Refugee Statistics,unhcr,Recherche / paramètres projet HDP,GET,https://api.unhcr.org/population/v1/population/,year_from,interface projet,integer,False,champ numérique,modifiable,,False,True,False,source_registry:project,https://api.unhcr.org/docs/refugee-statistics.html,2001,,1951,2100,
UNHCR Refugee Statistics,unhcr,Recherche / paramètres projet HDP,GET,https://api.unhcr.org/population/v1/population/,year_to,interface projet,integer,False,champ numérique,modifiable,,False,True,False,source_registry:project,https://api.unhcr.org/docs/refugee-statistics.html,2026,,1951,2100,
UNHCR Refugee Statistics,unhcr,population,GET,/population/v1/population/,cf_type,query,string,False,champ texte / mots-clés,modifiable,Country filtering code type.,False,True,False,provider documentation / curated V6 baseline,https://api.unhcr.org/docs/refugee-statistics.html,,,,,
UNHCR Refugee Statistics,unhcr,population,GET,/population/v1/population/,coa,query,string,False,champ texte / mots-clés,modifiable,Country of asylum ISO code(s).,False,True,False,provider documentation / curated V6 baseline,https://api.unhcr.org/docs/refugee-statistics.html,,,,,
UNHCR Refugee Statistics,unhcr,population,GET,/population/v1/population/,coo,query,string,False,champ texte / mots-clés,modifiable,Country of origin ISO code(s).,False,True,False,provider documentation / curated V6 baseline,https://api.unhcr.org/docs/refugee-statistics.html,,,,,
UNHCR Refugee Statistics,unhcr,population,GET,/population/v1/population/,limit,query,integer,False,champ numérique,modifiable,Maximum rows.,False,True,False,provider documentation / curated V6 baseline,https://api.unhcr.org/docs/refugee-statistics.html,,,,,
UNHCR Refugee Statistics,unhcr,population,GET,/population/v1/population/,page,query,integer,False,champ numérique,modifiable,Page number.,False,True,False,provider documentation / curated V6 baseline,https://api.unhcr.org/docs/refugee-statistics.html,,,,,
UNHCR Refugee Statistics,unhcr,population,GET,/population/v1/population/,yearFrom,query,integer,False,champ numérique,modifiable,Start year.,False,True,False,provider documentation / curated V6 baseline,https://api.unhcr.org/docs/refugee-statistics.html,,,,,
UNHCR Refugee Statistics,unhcr,population,GET,/population/v1/population/,yearTo,query,integer,False,champ numérique,modifiable,End year.,False,True,False,provider documentation / curated V6 baseline,https://api.unhcr.org/docs/refugee-statistics.html,,,,,
UNICEF Data Warehouse (SDMX),unicef-sdmx,Configuration globale HDP,CONFIG,https://sdmx.data.unicef.org/ws/public/sdmxapi/rest,accept_language,configuration globale,string,False,liste de sélection,modifiable,,False,True,False,source_registry:global,https://data.unicef.org/sdmx-api-documentation/,en,"['en', 'fr', 'es', 'ar', 'zh']",,,
UNICEF Data Warehouse (SDMX),unicef-sdmx,Configuration globale HDP,CONFIG,https://sdmx.data.unicef.org/ws/public/sdmxapi/rest,backoff_seconds,configuration globale,integer,False,champ numérique,modifiable,,False,True,False,source_registry:global,https://data.unicef.org/sdmx-api-documentation/,2,,1,60,
UNICEF Data Warehouse (SDMX),unicef-sdmx,Configuration globale HDP,CONFIG,https://sdmx.data.unicef.org/ws/public/sdmxapi/rest,connect_timeout_seconds,configuration globale,integer,False,champ numérique,modifiable,Délai maximal consacré à l’établissement de la connexion HTTPS.,False,True,False,source_registry:global,https://data.unicef.org/sdmx-api-documentation/,20,,3,60,
UNICEF Data Warehouse (SDMX),unicef-sdmx,Configuration globale HDP,CONFIG,https://sdmx.data.unicef.org/ws/public/sdmxapi/rest,enabled,configuration globale,boolean,False,case à cocher,modifiable,,False,True,False,source_registry:global,https://data.unicef.org/sdmx-api-documentation/,True,,,,
UNICEF Data Warehouse (SDMX),unicef-sdmx,Configuration globale HDP,CONFIG,https://sdmx.data.unicef.org/ws/public/sdmxapi/rest,max_response_bytes,configuration globale,integer,False,champ numérique,modifiable,"La réponse JSON est refusée au-delà de cette limite, avant décodage.",False,True,False,source_registry:global,https://data.unicef.org/sdmx-api-documentation/,25000000,,100000,200000000,
UNICEF Data Warehouse (SDMX),unicef-sdmx,Configuration globale HDP,CONFIG,https://sdmx.data.unicef.org/ws/public/sdmxapi/rest,retry_count,configuration globale,integer,False,champ numérique,modifiable,,False,True,False,source_registry:global,https://data.unicef.org/sdmx-api-documentation/,2,,0,5,
UNICEF Data Warehouse (SDMX),unicef-sdmx,Configuration globale HDP,CONFIG,https://sdmx.data.unicef.org/ws/public/sdmxapi/rest,sdmx_context,configuration globale,string,False,information en lecture seule,information,,True,False,False,source_registry:global,https://data.unicef.org/sdmx-api-documentation/,public,['public'],,,
UNICEF Data Warehouse (SDMX),unicef-sdmx,Configuration globale HDP,CONFIG,https://sdmx.data.unicef.org/ws/public/sdmxapi/rest,structure_resource,configuration globale,string,False,information en lecture seule,information,,True,False,False,source_registry:global,https://data.unicef.org/sdmx-api-documentation/,dataflow,['dataflow'],,,
UNICEF Data Warehouse (SDMX),unicef-sdmx,Configuration globale HDP,CONFIG,https://sdmx.data.unicef.org/ws/public/sdmxapi/rest,timeout_seconds,configuration globale,integer,False,champ numérique,modifiable,,False,True,False,source_registry:global,https://data.unicef.org/sdmx-api-documentation/,40,,5,180,
UNICEF Data Warehouse (SDMX),unicef-sdmx,Configuration globale HDP,CONFIG,https://sdmx.data.unicef.org/ws/public/sdmxapi/rest,user_agent,configuration globale,string,False,champ texte / mots-clés,modifiable,Identifie clairement le client HDP auprès du fournisseur de données.,False,True,False,source_registry:global,https://data.unicef.org/sdmx-api-documentation/,HDP/6.0.0,,,,
UNICEF Data Warehouse (SDMX),unicef-sdmx,Recherche / paramètres projet HDP,GET,https://sdmx.data.unicef.org/ws/public/sdmxapi/rest,agency,interface projet,string,False,champ texte / mots-clés,modifiable,,False,True,False,source_registry:project,https://data.unicef.org/sdmx-api-documentation/,all,,,,"^[A-Za-z0-9_.-]{1,80}$"
UNICEF Data Warehouse (SDMX),unicef-sdmx,Recherche / paramètres projet HDP,GET,https://sdmx.data.unicef.org/ws/public/sdmxapi/rest,auto_download,interface projet,boolean,True,case à cocher,modifiable,,False,True,False,source_registry:project,https://data.unicef.org/sdmx-api-documentation/,False,,,,
UNICEF Data Warehouse (SDMX),unicef-sdmx,Recherche / paramètres projet HDP,GET,https://sdmx.data.unicef.org/ws/public/sdmxapi/rest,dataflow,interface projet,string,False,champ texte / mots-clés,modifiable,,False,True,False,source_registry:project,https://data.unicef.org/sdmx-api-documentation/,all,,,,"^[A-Za-z0-9_.-]{1,120}$"
UNICEF Data Warehouse (SDMX),unicef-sdmx,Recherche / paramètres projet HDP,GET,https://sdmx.data.unicef.org/ws/public/sdmxapi/rest,date_from,interface projet,string,False,champ texte / mots-clés,modifiable,Critère commun ISO 8601. Filtré après normalisation si l’API ne l’expose pas nativement.,False,True,False,source_registry:project,https://data.unicef.org/sdmx-api-documentation/,,,,,^$|^\d{4}-\d{2}-\d{2}$
UNICEF Data Warehouse (SDMX),unicef-sdmx,Recherche / paramètres projet HDP,GET,https://sdmx.data.unicef.org/ws/public/sdmxapi/rest,date_to,interface projet,string,False,champ texte / mots-clés,modifiable,Critère commun ISO 8601 inclusif.,False,True,False,source_registry:project,https://data.unicef.org/sdmx-api-documentation/,,,,,^$|^\d{4}-\d{2}-\d{2}$
UNICEF Data Warehouse (SDMX),unicef-sdmx,Recherche / paramètres projet HDP,GET,https://sdmx.data.unicef.org/ws/public/sdmxapi/rest,detail,interface projet,string,False,liste de sélection,modifiable,,False,True,False,source_registry:project,https://data.unicef.org/sdmx-api-documentation/,full,"['allstubs', 'referencestubs', 'referencepartial', 'allcompletestubs', 'full']",,,
UNICEF Data Warehouse (SDMX),unicef-sdmx,Recherche / paramètres projet HDP,GET,https://sdmx.data.unicef.org/ws/public/sdmxapi/rest,location,interface projet,string,False,champ texte / mots-clés,modifiable,"Pays, territoire, zone ou lieu recherché dans les métadonnées normalisées.",False,True,False,source_registry:project,https://data.unicef.org/sdmx-api-documentation/,,,,,
UNICEF Data Warehouse (SDMX),unicef-sdmx,Recherche / paramètres projet HDP,GET,https://sdmx.data.unicef.org/ws/public/sdmxapi/rest,query,interface projet,string,True,champ texte / mots-clés,modifiable,Mots-clés transmis ou utilisés pour filtrer le catalogue (2 caractères minimum lors de l’exécution).,False,True,False,source_registry:project,https://data.unicef.org/sdmx-api-documentation/,,,,,
UNICEF Data Warehouse (SDMX),unicef-sdmx,Recherche / paramètres projet HDP,GET,https://sdmx.data.unicef.org/ws/public/sdmxapi/rest,references,interface projet,string,False,champ texte / mots-clés,modifiable,,False,True,False,source_registry:project,https://data.unicef.org/sdmx-api-documentation/,none,,,,
UNICEF Data Warehouse (SDMX),unicef-sdmx,Recherche / paramètres projet HDP,GET,https://sdmx.data.unicef.org/ws/public/sdmxapi/rest,result_limit,interface projet,integer,True,champ numérique,modifiable,,False,True,False,source_registry:project,https://data.unicef.org/sdmx-api-documentation/,25,,1,100,
UNICEF Data Warehouse (SDMX),unicef-sdmx,Recherche / paramètres projet HDP,GET,https://sdmx.data.unicef.org/ws/public/sdmxapi/rest,version,interface projet,string,False,champ texte / mots-clés,modifiable,,False,True,False,source_registry:project,https://data.unicef.org/sdmx-api-documentation/,latest,,,,"^[A-Za-z0-9_.-]{1,40}$"
UNICEF Data Warehouse (SDMX),unicef-sdmx,SDMX REST,GET,/*,detail,query,string,False,champ texte / mots-clés,modifiable,Level of structural detail.,False,True,False,provider documentation / curated V6 baseline,https://data.unicef.org/sdmx-api-documentation/,,,,,
UNICEF Data Warehouse (SDMX),unicef-sdmx,SDMX REST,GET,/*,format,query,string,False,champ texte / mots-clés,modifiable,SDMX output format.,False,True,False,provider documentation / curated V6 baseline,https://data.unicef.org/sdmx-api-documentation/,,,,,
UNICEF Data Warehouse (SDMX),unicef-sdmx,SDMX REST,GET,/*,references,query,string,False,champ texte / mots-clés,modifiable,Related structural references.,False,True,False,provider documentation / curated V6 baseline,https://data.unicef.org/sdmx-api-documentation/,,,,,
UNICEF Data Warehouse (SDMX),unicef-sdmx,SDMX data,GET,/data/*,dimension_at_observation,query,string,False,information en lecture seule,information,Observation dimension in SDMX-JSON output.,True,False,False,provider documentation / curated V6 baseline,https://data.unicef.org/sdmx-api-documentation/,,,,,
UNICEF Data Warehouse (SDMX),unicef-sdmx,SDMX data,GET,/data/*,endPeriod,query,string,False,information en lecture seule,information,End period.,True,False,False,provider documentation / curated V6 baseline,https://data.unicef.org/sdmx-api-documentation/,,,,,
UNICEF Data Warehouse (SDMX),unicef-sdmx,SDMX data,GET,/data/*,firstNObservations,query,integer,False,information en lecture seule,information,First N observations.,True,False,False,provider documentation / curated V6 baseline,https://data.unicef.org/sdmx-api-documentation/,,,,,
UNICEF Data Warehouse (SDMX),unicef-sdmx,SDMX data,GET,/data/*,lastNObservations,query,integer,False,information en lecture seule,information,Last N observations.,True,False,False,provider documentation / curated V6 baseline,https://data.unicef.org/sdmx-api-documentation/,,,,,
UNICEF Data Warehouse (SDMX),unicef-sdmx,SDMX data,GET,/data/*,startPeriod,query,string,False,information en lecture seule,information,Start period.,True,False,False,provider documentation / curated V6 baseline,https://data.unicef.org/sdmx-api-documentation/,,,,,
UNICEF Data Warehouse (SDMX),unicef-sdmx,data/dataflow,GET,"/data/{agency},{dataflow},{version}/{dataQuery}",dataQuery,path,string,False,information en lecture seule,information,"Dimension-key query, including + and dot selectors.",True,False,False,provider documentation / curated V6 baseline,https://data.unicef.org/sdmx-api-documentation/,,,,,
UNICEF Data Warehouse (SDMX),unicef-sdmx,dataflow,GET,/dataflow/{agency}/{dataflow}/{version}/,agency,path,string,False,champ texte / mots-clés,modifiable,SDMX agency identifier.,False,True,False,provider documentation / curated V6 baseline,https://data.unicef.org/sdmx-api-documentation/,,,,,
UNICEF Data Warehouse (SDMX),unicef-sdmx,dataflow,GET,/dataflow/{agency}/{dataflow}/{version}/,dataflow,path,string,False,champ texte / mots-clés,modifiable,Dataflow identifier.,False,True,False,provider documentation / curated V6 baseline,https://data.unicef.org/sdmx-api-documentation/,,,,,
UNICEF Data Warehouse (SDMX),unicef-sdmx,dataflow,GET,/dataflow/{agency}/{dataflow}/{version}/,version,path,string,False,champ texte / mots-clés,modifiable,Dataflow version.,False,True,False,provider documentation / curated V6 baseline,https://data.unicef.org/sdmx-api-documentation/,,,,,
WHO Global Health Observatory,who-gho,Configuration globale HDP,CONFIG,https://ghoapi.azureedge.net/api/Indicator,accept_language,configuration globale,string,False,liste de sélection,modifiable,,False,True,False,source_registry:global,https://www.who.int/data/gho/info/gho-odata-api,en,"['en', 'fr', 'es', 'ar', 'zh']",,,
WHO Global Health Observatory,who-gho,Configuration globale HDP,CONFIG,https://ghoapi.azureedge.net/api/Indicator,backoff_seconds,configuration globale,integer,False,champ numérique,modifiable,,False,True,False,source_registry:global,https://www.who.int/data/gho/info/gho-odata-api,2,,1,60,
WHO Global Health Observatory,who-gho,Configuration globale HDP,CONFIG,https://ghoapi.azureedge.net/api/Indicator,connect_timeout_seconds,configuration globale,integer,False,champ numérique,modifiable,Délai maximal consacré à l’établissement de la connexion HTTPS.,False,True,False,source_registry:global,https://www.who.int/data/gho/info/gho-odata-api,20,,3,60,
WHO Global Health Observatory,who-gho,Configuration globale HDP,CONFIG,https://ghoapi.azureedge.net/api/Indicator,enabled,configuration globale,boolean,False,case à cocher,modifiable,,False,True,False,source_registry:global,https://www.who.int/data/gho/info/gho-odata-api,True,,,,
WHO Global Health Observatory,who-gho,Configuration globale HDP,CONFIG,https://ghoapi.azureedge.net/api/Indicator,indicator_catalog,configuration globale,string,False,information en lecture seule,information,,True,False,False,source_registry:global,https://www.who.int/data/gho/info/gho-odata-api,Indicator,['Indicator'],,,
WHO Global Health Observatory,who-gho,Configuration globale HDP,CONFIG,https://ghoapi.azureedge.net/api/Indicator,max_response_bytes,configuration globale,integer,False,champ numérique,modifiable,"La réponse JSON est refusée au-delà de cette limite, avant décodage.",False,True,False,source_registry:global,https://www.who.int/data/gho/info/gho-odata-api,25000000,,100000,200000000,
WHO Global Health Observatory,who-gho,Configuration globale HDP,CONFIG,https://ghoapi.azureedge.net/api/Indicator,protocol_profile,configuration globale,string,False,information en lecture seule,information,,True,False,False,source_registry:global,https://www.who.int/data/gho/info/gho-odata-api,OData JSON,['OData JSON'],,,
WHO Global Health Observatory,who-gho,Configuration globale HDP,CONFIG,https://ghoapi.azureedge.net/api/Indicator,retry_count,configuration globale,integer,False,champ numérique,modifiable,,False,True,False,source_registry:global,https://www.who.int/data/gho/info/gho-odata-api,2,,0,5,
WHO Global Health Observatory,who-gho,Configuration globale HDP,CONFIG,https://ghoapi.azureedge.net/api/Indicator,timeout_seconds,configuration globale,integer,False,champ numérique,modifiable,,False,True,False,source_registry:global,https://www.who.int/data/gho/info/gho-odata-api,40,,5,180,
WHO Global Health Observatory,who-gho,Configuration globale HDP,CONFIG,https://ghoapi.azureedge.net/api/Indicator,user_agent,configuration globale,string,False,champ texte / mots-clés,modifiable,Identifie clairement le client HDP auprès du fournisseur de données.,False,True,False,source_registry:global,https://www.who.int/data/gho/info/gho-odata-api,HDP/6.0.0,,,,
WHO Global Health Observatory,who-gho,OData query,GET,/api/{entity},$count,query,boolean,False,information en lecture seule,information,Request total count.,True,False,False,provider documentation / curated V6 baseline,https://www.who.int/data/gho/info/gho-odata-api,,,,,
WHO Global Health Observatory,who-gho,OData query,GET,/api/{entity},$expand,query,string,False,information en lecture seule,information,Related entities to expand.,True,False,False,provider documentation / curated V6 baseline,https://www.who.int/data/gho/info/gho-odata-api,,,,,
WHO Global Health Observatory,who-gho,OData query,GET,/api/{entity},$filter,query,string,False,champ texte / mots-clés,modifiable,OData filter expression.,False,True,False,provider documentation / curated V6 baseline,https://www.who.int/data/gho/info/gho-odata-api,,,,,
WHO Global Health Observatory,who-gho,OData query,GET,/api/{entity},$format,query,string,False,champ texte / mots-clés,modifiable,Response format.,False,True,False,provider documentation / curated V6 baseline,https://www.who.int/data/gho/info/gho-odata-api,,,,,
WHO Global Health Observatory,who-gho,OData query,GET,/api/{entity},$orderby,query,string,False,information en lecture seule,information,OData ordering expression.,True,False,False,provider documentation / curated V6 baseline,https://www.who.int/data/gho/info/gho-odata-api,,,,,
WHO Global Health Observatory,who-gho,OData query,GET,/api/{entity},$select,query,string,False,information en lecture seule,information,OData selected fields.,True,False,False,provider documentation / curated V6 baseline,https://www.who.int/data/gho/info/gho-odata-api,,,,,
WHO Global Health Observatory,who-gho,OData query,GET,/api/{entity},$skip,query,integer,False,champ numérique,modifiable,Rows skipped.,False,True,False,provider documentation / curated V6 baseline,https://www.who.int/data/gho/info/gho-odata-api,,,,,
WHO Global Health Observatory,who-gho,OData query,GET,/api/{entity},$top,query,integer,False,champ numérique,modifiable,Maximum rows.,False,True,False,provider documentation / curated V6 baseline,https://www.who.int/data/gho/info/gho-odata-api,,,,,
WHO Global Health Observatory,who-gho,Recherche / paramètres projet HDP,GET,https://ghoapi.azureedge.net/api/Indicator,auto_download,interface projet,boolean,True,case à cocher,modifiable,,False,True,False,source_registry:project,https://www.who.int/data/gho/info/gho-odata-api,False,,,,
WHO Global Health Observatory,who-gho,Recherche / paramètres projet HDP,GET,https://ghoapi.azureedge.net/api/Indicator,catalog_top,interface projet,integer,False,champ numérique,modifiable,,False,True,False,source_registry:project,https://www.who.int/data/gho/info/gho-odata-api,100,,100,5000,
WHO Global Health Observatory,who-gho,Recherche / paramètres projet HDP,GET,https://ghoapi.azureedge.net/api/Indicator,date_from,interface projet,string,False,champ texte / mots-clés,modifiable,Critère commun ISO 8601. Filtré après normalisation si l’API ne l’expose pas nativement.,False,True,False,source_registry:project,https://www.who.int/data/gho/info/gho-odata-api,,,,,^$|^\d{4}-\d{2}-\d{2}$
WHO Global Health Observatory,who-gho,Recherche / paramètres projet HDP,GET,https://ghoapi.azureedge.net/api/Indicator,date_to,interface projet,string,False,champ texte / mots-clés,modifiable,Critère commun ISO 8601 inclusif.,False,True,False,source_registry:project,https://www.who.int/data/gho/info/gho-odata-api,,,,,^$|^\d{4}-\d{2}-\d{2}$
WHO Global Health Observatory,who-gho,Recherche / paramètres projet HDP,GET,https://ghoapi.azureedge.net/api/Indicator,location,interface projet,string,False,champ texte / mots-clés,modifiable,"Pays, territoire, zone ou lieu recherché dans les métadonnées normalisées.",False,True,False,source_registry:project,https://www.who.int/data/gho/info/gho-odata-api,,,,,
WHO Global Health Observatory,who-gho,Recherche / paramètres projet HDP,GET,https://ghoapi.azureedge.net/api/Indicator,query,interface projet,string,True,champ texte / mots-clés,modifiable,Mots-clés transmis ou utilisés pour filtrer le catalogue (2 caractères minimum lors de l’exécution).,False,True,False,source_registry:project,https://www.who.int/data/gho/info/gho-odata-api,,,,,
WHO Global Health Observatory,who-gho,Recherche / paramètres projet HDP,GET,https://ghoapi.azureedge.net/api/Indicator,result_limit,interface projet,integer,True,champ numérique,modifiable,,False,True,False,source_registry:project,https://www.who.int/data/gho/info/gho-odata-api,25,,1,100,
WHO Global Health Observatory,who-gho,Recherche / paramètres projet HDP,GET,https://ghoapi.azureedge.net/api/Indicator,skip,interface projet,integer,False,champ numérique,modifiable,,False,True,False,source_registry:project,https://www.who.int/data/gho/info/gho-odata-api,0,,0,10000,
World Bank Health Indicators,world-bank-health,Configuration globale HDP,CONFIG,https://api.worldbank.org/v2/source/2/indicator,accept_language,configuration globale,string,False,liste de sélection,modifiable,,False,True,False,source_registry:global,https://datahelpdesk.worldbank.org/knowledgebase/articles/898581-api-basic-call-structures,en,"['en', 'fr', 'es', 'ar', 'zh']",,,
World Bank Health Indicators,world-bank-health,Configuration globale HDP,CONFIG,https://api.worldbank.org/v2/source/2/indicator,api_version,configuration globale,string,False,information en lecture seule,information,,True,False,False,source_registry:global,https://datahelpdesk.worldbank.org/knowledgebase/articles/898581-api-basic-call-structures,v2,['v2'],,,
World Bank Health Indicators,world-bank-health,Configuration globale HDP,CONFIG,https://api.worldbank.org/v2/source/2/indicator,backoff_seconds,configuration globale,integer,False,champ numérique,modifiable,,False,True,False,source_registry:global,https://datahelpdesk.worldbank.org/knowledgebase/articles/898581-api-basic-call-structures,2,,1,60,
World Bank Health Indicators,world-bank-health,Configuration globale HDP,CONFIG,https://api.worldbank.org/v2/source/2/indicator,connect_timeout_seconds,configuration globale,integer,False,champ numérique,modifiable,Délai maximal consacré à l’établissement de la connexion HTTPS.,False,True,False,source_registry:global,https://datahelpdesk.worldbank.org/knowledgebase/articles/898581-api-basic-call-structures,20,,3,60,
World Bank Health Indicators,world-bank-health,Configuration globale HDP,CONFIG,https://api.worldbank.org/v2/source/2/indicator,enabled,configuration globale,boolean,False,case à cocher,modifiable,,False,True,False,source_registry:global,https://datahelpdesk.worldbank.org/knowledgebase/articles/898581-api-basic-call-structures,True,,,,
World Bank Health Indicators,world-bank-health,Configuration globale HDP,CONFIG,https://api.worldbank.org/v2/source/2/indicator,indicator_source_id,configuration globale,string,False,information en lecture seule,information,Source WDI utilisée pour les indicateurs sanitaires et de développement.,True,False,False,source_registry:global,https://datahelpdesk.worldbank.org/knowledgebase/articles/898581-api-basic-call-structures,2,['2'],,,
World Bank Health Indicators,world-bank-health,Configuration globale HDP,CONFIG,https://api.worldbank.org/v2/source/2/indicator,max_response_bytes,configuration globale,integer,False,champ numérique,modifiable,"La réponse JSON est refusée au-delà de cette limite, avant décodage.",False,True,False,source_registry:global,https://datahelpdesk.worldbank.org/knowledgebase/articles/898581-api-basic-call-structures,25000000,,100000,200000000,
World Bank Health Indicators,world-bank-health,Configuration globale HDP,CONFIG,https://api.worldbank.org/v2/source/2/indicator,retry_count,configuration globale,integer,False,champ numérique,modifiable,,False,True,False,source_registry:global,https://datahelpdesk.worldbank.org/knowledgebase/articles/898581-api-basic-call-structures,2,,0,5,
World Bank Health Indicators,world-bank-health,Configuration globale HDP,CONFIG,https://api.worldbank.org/v2/source/2/indicator,timeout_seconds,configuration globale,integer,False,champ numérique,modifiable,,False,True,False,source_registry:global,https://datahelpdesk.worldbank.org/knowledgebase/articles/898581-api-basic-call-structures,40,,5,180,
World Bank Health Indicators,world-bank-health,Configuration globale HDP,CONFIG,https://api.worldbank.org/v2/source/2/indicator,user_agent,configuration globale,string,False,champ texte / mots-clés,modifiable,Identifie clairement le client HDP auprès du fournisseur de données.,False,True,False,source_registry:global,https://datahelpdesk.worldbank.org/knowledgebase/articles/898581-api-basic-call-structures,HDP/6.0.0,,,,
World Bank Health Indicators,world-bank-health,Indicator data,GET,/v2/country/{country}/indicator/{indicator},country,path,string,False,champ texte / mots-clés,modifiable,Country or economy code(s).,False,True,False,provider documentation / curated V6 baseline,https://datahelpdesk.worldbank.org/knowledgebase/articles/898581-api-basic-call-structures,,,,,
World Bank Health Indicators,world-bank-health,Indicator data,GET,/v2/country/{country}/indicator/{indicator},indicator,path,string,False,champ texte / mots-clés,modifiable,Indicator code(s).,False,True,False,provider documentation / curated V6 baseline,https://datahelpdesk.worldbank.org/knowledgebase/articles/898581-api-basic-call-structures,,,,,
World Bank Health Indicators,world-bank-health,Indicators API v2,GET,/v2/{language}/{resource},language,path,string,False,champ texte / mots-clés,modifiable,Language code.,False,True,False,provider documentation / curated V6 baseline,https://datahelpdesk.worldbank.org/knowledgebase/articles/898581-api-basic-call-structures,,,,,
World Bank Health Indicators,world-bank-health,Indicators API v2,GET,/v2/{resource},date,query,string,False,champ texte / mots-clés,modifiable,"Year, month, quarter or range.",False,True,False,provider documentation / curated V6 baseline,https://datahelpdesk.worldbank.org/knowledgebase/articles/898581-api-basic-call-structures,,,,,
World Bank Health Indicators,world-bank-health,Indicators API v2,GET,/v2/{resource},downloadformat,query,string,False,information en lecture seule,information,Bulk download format where available.,True,False,False,provider documentation / curated V6 baseline,https://datahelpdesk.worldbank.org/knowledgebase/articles/898581-api-basic-call-structures,,,,,
World Bank Health Indicators,world-bank-health,Indicators API v2,GET,/v2/{resource},footnote,query,string,False,information en lecture seule,information,Include footnotes.,True,False,False,provider documentation / curated V6 baseline,https://datahelpdesk.worldbank.org/knowledgebase/articles/898581-api-basic-call-structures,,,,,
World Bank Health Indicators,world-bank-health,Indicators API v2,GET,/v2/{resource},format,query,string,False,champ texte / mots-clés,modifiable,Response format such as json or xml.,False,True,False,provider documentation / curated V6 baseline,https://datahelpdesk.worldbank.org/knowledgebase/articles/898581-api-basic-call-structures,,,,,
World Bank Health Indicators,world-bank-health,Indicators API v2,GET,/v2/{resource},frequency,query,string,False,information en lecture seule,information,"Y, Q or M frequency.",True,False,False,provider documentation / curated V6 baseline,https://datahelpdesk.worldbank.org/knowledgebase/articles/898581-api-basic-call-structures,,,,,
World Bank Health Indicators,world-bank-health,Indicators API v2,GET,/v2/{resource},gapfill,query,string,False,information en lecture seule,information,Backfill missing periods when using MRV.,True,False,False,provider documentation / curated V6 baseline,https://datahelpdesk.worldbank.org/knowledgebase/articles/898581-api-basic-call-structures,,,,,
World Bank Health Indicators,world-bank-health,Indicators API v2,GET,/v2/{resource},mrnev,query,integer,False,information en lecture seule,information,Most recent non-empty values count.,True,False,False,provider documentation / curated V6 baseline,https://datahelpdesk.worldbank.org/knowledgebase/articles/898581-api-basic-call-structures,,,,,
World Bank Health Indicators,world-bank-health,Indicators API v2,GET,/v2/{resource},mrv,query,integer,False,information en lecture seule,information,Most recent values count.,True,False,False,provider documentation / curated V6 baseline,https://datahelpdesk.worldbank.org/knowledgebase/articles/898581-api-basic-call-structures,,,,,
World Bank Health Indicators,world-bank-health,Indicators API v2,GET,/v2/{resource},page,query,integer,False,champ numérique,modifiable,Page number.,False,True,False,provider documentation / curated V6 baseline,https://datahelpdesk.worldbank.org/knowledgebase/articles/898581-api-basic-call-structures,,,,,
World Bank Health Indicators,world-bank-health,Indicators API v2,GET,/v2/{resource},per_page,query,integer,False,champ numérique,modifiable,Results per page.,False,True,False,provider documentation / curated V6 baseline,https://datahelpdesk.worldbank.org/knowledgebase/articles/898581-api-basic-call-structures,,,,,
World Bank Health Indicators,world-bank-health,Indicators API v2,GET,/v2/{resource},source,query,string,False,champ texte / mots-clés,modifiable,Source identifier.,False,True,False,provider documentation / curated V6 baseline,https://datahelpdesk.worldbank.org/knowledgebase/articles/898581-api-basic-call-structures,,,,,
World Bank Health Indicators,world-bank-health,Recherche / paramètres projet HDP,GET,https://api.worldbank.org/v2/source/2/indicator,auto_download,interface projet,boolean,True,case à cocher,modifiable,,False,True,False,source_registry:project,https://datahelpdesk.worldbank.org/knowledgebase/articles/898581-api-basic-call-structures,False,,,,
World Bank Health Indicators,world-bank-health,Recherche / paramètres projet HDP,GET,https://api.worldbank.org/v2/source/2/indicator,catalog_page_size,interface projet,integer,False,champ numérique,modifiable,,False,True,False,source_registry:project,https://datahelpdesk.worldbank.org/knowledgebase/articles/898581-api-basic-call-structures,20000,,100,50000,
World Bank Health Indicators,world-bank-health,Recherche / paramètres projet HDP,GET,https://api.worldbank.org/v2/source/2/indicator,date_from,interface projet,string,False,champ texte / mots-clés,modifiable,Critère commun ISO 8601. Filtré après normalisation si l’API ne l’expose pas nativement.,False,True,False,source_registry:project,https://datahelpdesk.worldbank.org/knowledgebase/articles/898581-api-basic-call-structures,,,,,^$|^\d{4}-\d{2}-\d{2}$
World Bank Health Indicators,world-bank-health,Recherche / paramètres projet HDP,GET,https://api.worldbank.org/v2/source/2/indicator,date_to,interface projet,string,False,champ texte / mots-clés,modifiable,Critère commun ISO 8601 inclusif.,False,True,False,source_registry:project,https://datahelpdesk.worldbank.org/knowledgebase/articles/898581-api-basic-call-structures,,,,,^$|^\d{4}-\d{2}-\d{2}$
World Bank Health Indicators,world-bank-health,Recherche / paramètres projet HDP,GET,https://api.worldbank.org/v2/source/2/indicator,language,interface projet,string,False,liste de sélection,modifiable,,False,True,False,source_registry:project,https://datahelpdesk.worldbank.org/knowledgebase/articles/898581-api-basic-call-structures,en,"['en', 'fr', 'es', 'ar', 'zh']",,,
World Bank Health Indicators,world-bank-health,Recherche / paramètres projet HDP,GET,https://api.worldbank.org/v2/source/2/indicator,location,interface projet,string,False,champ texte / mots-clés,modifiable,"Pays, territoire, zone ou lieu recherché dans les métadonnées normalisées.",False,True,False,source_registry:project,https://datahelpdesk.worldbank.org/knowledgebase/articles/898581-api-basic-call-structures,,,,,
World Bank Health Indicators,world-bank-health,Recherche / paramètres projet HDP,GET,https://api.worldbank.org/v2/source/2/indicator,page,interface projet,integer,False,champ numérique,modifiable,,False,True,False,source_registry:project,https://datahelpdesk.worldbank.org/knowledgebase/articles/898581-api-basic-call-structures,1,,1,10000,
World Bank Health Indicators,world-bank-health,Recherche / paramètres projet HDP,GET,https://api.worldbank.org/v2/source/2/indicator,query,interface projet,string,True,champ texte / mots-clés,modifiable,Mots-clés transmis ou utilisés pour filtrer le catalogue (2 caractères minimum lors de l’exécution).,False,True,False,source_registry:project,https://datahelpdesk.worldbank.org/knowledgebase/articles/898581-api-basic-call-structures,,,,,
World Bank Health Indicators,world-bank-health,Recherche / paramètres projet HDP,GET,https://api.worldbank.org/v2/source/2/indicator,result_limit,interface projet,integer,True,champ numérique,modifiable,,False,True,False,source_registry:project,https://datahelpdesk.worldbank.org/knowledgebase/articles/898581-api-basic-call-structures,25,,1,100,
